/*
SQLyog Community v12.4.1 (64 bit)
MySQL - 5.7.17-log : Database - kovka
*********************************************************************
*/

/*!40101 SET NAMES utf8 */;

/*!40101 SET SQL_MODE=''*/;

/*!40014 SET @OLD_UNIQUE_CHECKS=@@UNIQUE_CHECKS, UNIQUE_CHECKS=0 */;
/*!40014 SET @OLD_FOREIGN_KEY_CHECKS=@@FOREIGN_KEY_CHECKS, FOREIGN_KEY_CHECKS=0 */;
/*!40101 SET @OLD_SQL_MODE=@@SQL_MODE, SQL_MODE='NO_AUTO_VALUE_ON_ZERO' */;
/*!40111 SET @OLD_SQL_NOTES=@@SQL_NOTES, SQL_NOTES=0 */;
CREATE DATABASE /*!32312 IF NOT EXISTS*/`kovka` /*!40100 DEFAULT CHARACTER SET utf8 COLLATE utf8_bin */;

USE `kovka`;

/*Data for the table `a_user` */

insert  into `a_user`(`id`,`username`,`name`,`surname`,`password`,`email`,`phone_code`,`phone`) values 
(1,'admin','Seryozha','Hovhannisyan','c4ca4238a0b923820dcc509a6f75849b','1','374','93787377');

/*Data for the table `about` */

insert  into `about`(`id`,`coords`,`emails`,`phones`) values 
(1,'(NaN, NaN)','e23, seryozha.hovhannisyan@gmail.com, e2','37493787377, 37441658595, 33333333333');

/*Data for the table `about_info` */

insert  into `about_info`(`id`,`about_id`,`lang`,`address`,`short_desc`,`title`,`description`) values 
(1,1,1,'109390 г.Москва, ул. 1-я Текстильщиков д. 12/9 офис 2','','Общество с ограниченной ответственностью «Техпромстрой»','«Желдор Ковка» была организована в 2007 году и располагает собственными мощностями, строительными материалами и оборудованием в Железнодорожном Московской области, а так же высококвалифицированными как ИТР, так и рабочими для производства работ. Основная специализация нашего производства —  ковка различных художественных изделий, комплексный капитальный ремонт и реконструкция многоквартирных жилых домов, детских дошкольных учреждений, общеобразовательных школ, больниц и поликлиник.'),
(2,1,2,'AAAAAAAAAAAAAAAAAAAAA','AAAAAAAAAAAAAAAAAAAAAAAAAAAAAAAA','AAAAAAAA','AAAAAAAAAAAAAAAAAAAAAAAAAAAAAAAAAAAAAAAAA'),
(3,1,3,'109390 г.Москва, ул. 1-я Текстильщиков д. 12/9 офис 2','','Общество с ограниченной ответственностью «Техпромстрой»','«Желдор Ковка» была организована в 2007 году и располагает собственными мощностями, строительными материалами и оборудованием в Железнодорожном Московской области, а так же высококвалифицированными как ИТР, так и рабочими для производства работ. Основная специализация нашего производства —  ковка различных художественных изделий, комплексный капитальный ремонт и реконструкция многоквартирных жилых домов, детских дошкольных учреждений, общеобразовательных школ, больниц и поликлиник.');

/*Data for the table `f_data` */

insert  into `f_data`(`id`,`file_name`,`content_type`,`size`,`creation_date`,`status`,`order`,`sketch_id`,`is_machine`) values 
(1,'machine_1.jpg','image/jpeg',154551,'2017-05-15 00:27:31',1,0,NULL,1),
(2,'machine_2.jpg','image/jpeg',147676,'2017-05-15 00:27:43',1,0,NULL,1),
(3,'machine_3.jpg','image/jpeg',143992,'2017-05-15 00:27:43',1,0,NULL,1),
(4,'machine_4.jpg','image/jpeg',151769,'2017-05-15 00:27:43',1,0,NULL,1),
(5,'machine_5.jpg','image/jpeg',133350,'2017-05-15 00:27:43',1,0,NULL,1),
(6,'machine_6.jpg','image/jpeg',82251,'2017-05-15 00:27:43',1,0,NULL,1),
(7,'machine_7.jpg','image/jpeg',36179,'2017-05-15 00:27:44',1,0,NULL,1),
(8,'machine_8.jpg','image/jpeg',100459,'2017-05-15 00:27:44',1,0,NULL,1),
(9,'machine_9.jpg','image/jpeg',118184,'2017-05-15 00:27:44',1,0,NULL,1),
(10,'machine_10.jpg','image/jpeg',87353,'2017-05-15 00:27:44',1,0,NULL,1),
(11,'machine_11.jpg','image/jpeg',166795,'2017-05-15 00:27:44',1,0,NULL,1),
(12,'machine_12.jpg','image/jpeg',134633,'2017-05-15 00:27:44',1,0,NULL,1),
(13,'sketch_13.jpg','image/jpeg',18290,'2017-05-15 01:03:56',1,0,1,0),
(14,'sketch_14.jpg','image/jpeg',26358,'2017-05-15 01:03:56',1,0,1,0),
(15,'sketch_15.jpg','image/jpeg',29337,'2017-05-15 01:03:56',1,0,1,0),
(16,'sketch_16.jpg','image/jpeg',19863,'2017-05-15 01:03:57',1,0,1,0),
(17,'sketch_17.jpg','image/jpeg',25078,'2017-05-15 01:03:57',1,0,1,0),
(18,'sketch_18.jpg','image/jpeg',28032,'2017-05-15 01:03:57',1,0,1,0),
(19,'sketch_19.jpg','image/jpeg',25293,'2017-05-15 01:03:57',1,0,1,0),
(20,'sketch_20.jpg','image/jpeg',21189,'2017-05-15 01:03:57',1,0,1,0),
(21,'sketch_21.jpg','image/jpeg',17606,'2017-05-15 01:03:58',1,0,1,0),
(22,'sketch_22.jpg','image/jpeg',28179,'2017-05-15 01:03:58',1,0,1,0),
(23,'sketch_23.jpg','image/jpeg',9447,'2017-05-15 01:04:52',1,0,2,0),
(24,'sketch_24.jpg','image/jpeg',9020,'2017-05-15 01:04:52',1,0,2,0),
(25,'sketch_25.jpg','image/jpeg',8293,'2017-05-15 01:04:52',1,0,2,0),
(26,'sketch_26.jpg','image/jpeg',8416,'2017-05-15 01:04:52',1,0,2,0),
(27,'sketch_27.jpg','image/jpeg',10925,'2017-05-15 01:04:53',1,0,2,0),
(28,'product_28.jpg','image/jpeg',22105,'2017-05-15 01:06:30',1,0,NULL,0),
(29,'product_29.jpg','image/jpeg',20473,'2017-05-15 01:06:30',1,0,NULL,0),
(30,'product_30.jpg','image/jpeg',18044,'2017-05-15 01:06:30',1,0,NULL,0),
(31,'product_31.jpg','image/jpeg',19384,'2017-05-15 01:06:30',1,0,NULL,0),
(32,'product_32.jpg','image/jpeg',22386,'2017-05-15 01:06:31',1,0,NULL,0),
(33,'product_33.jpg','image/jpeg',25776,'2017-05-15 01:06:31',1,0,NULL,0),
(34,'product_34.jpg','image/jpeg',22529,'2017-05-15 01:06:31',1,0,NULL,0),
(35,'product_35.jpg','image/jpeg',20377,'2017-05-15 01:06:31',1,0,NULL,0),
(36,'product_36.jpg','image/jpeg',20388,'2017-05-15 01:06:31',1,0,NULL,0),
(37,'product_37.jpg','image/jpeg',25669,'2017-05-15 01:06:31',1,0,NULL,0),
(38,'product_38.jpg','image/jpeg',23092,'2017-05-15 01:06:31',1,0,NULL,0),
(39,'product_39.jpg','image/jpeg',21539,'2017-05-15 01:06:31',1,0,NULL,0),
(40,'product_40.jpg','image/jpeg',22105,'2017-05-15 01:06:31',1,0,NULL,0),
(41,'product_41.jpg','image/jpeg',23687,'2017-05-15 01:06:31',1,0,NULL,0),
(42,'product_42.jpg','image/jpeg',20914,'2017-05-15 01:06:31',1,0,NULL,0),
(43,'product_43.jpg','image/jpeg',20109,'2017-05-15 01:06:31',1,0,NULL,0),
(44,'product_44.jpg','image/jpeg',20029,'2017-05-15 01:06:31',1,0,NULL,0),
(45,'product_45.jpg','image/jpeg',25502,'2017-05-15 01:06:31',1,0,NULL,0),
(46,'product_46.jpg','image/jpeg',20460,'2017-05-15 01:06:32',1,0,NULL,0),
(47,'product_47.gif','image/gif',19633,'2017-05-15 01:06:32',1,0,NULL,0),
(48,'product_48.gif','image/gif',20889,'2017-05-15 01:06:32',1,0,NULL,0),
(49,'product_49.gif','image/gif',24572,'2017-05-15 01:06:32',1,0,NULL,0),
(50,'product_50.jpg','image/jpeg',21902,'2017-05-15 01:06:32',1,0,NULL,0),
(51,'product_51.gif','image/gif',28364,'2017-05-15 01:06:32',1,0,NULL,0),
(52,'product_52.gif','image/gif',28883,'2017-05-15 01:06:32',1,0,NULL,0),
(53,'product_53.gif','image/gif',31160,'2017-05-15 01:06:32',1,0,NULL,0),
(54,'product_54.gif','image/gif',32638,'2017-05-15 01:06:32',1,0,NULL,0),
(55,'product_55.gif','image/gif',35649,'2017-05-15 01:06:32',1,0,NULL,0),
(56,'product_56.gif','image/gif',30245,'2017-05-15 01:06:32',1,0,NULL,0),
(57,'product_57.gif','image/gif',30018,'2017-05-15 01:06:32',1,0,NULL,0),
(58,'product_58.gif','image/gif',33778,'2017-05-15 01:06:32',1,0,NULL,0),
(59,'product_59.gif','image/gif',37437,'2017-05-15 01:06:32',1,0,NULL,0),
(60,'product_60.jpg','image/jpeg',21814,'2017-05-15 01:06:32',1,0,NULL,0),
(61,'product_61.gif','image/gif',26535,'2017-05-15 01:06:33',1,0,NULL,0),
(62,'product_62.gif','image/gif',34007,'2017-05-15 01:06:33',1,0,NULL,0),
(63,'product_63.gif','image/gif',33713,'2017-05-15 01:06:33',1,0,NULL,0),
(64,'product_64.jpg','image/jpeg',24198,'2017-05-15 01:06:33',1,0,NULL,0),
(65,'product_65.jpg','image/jpeg',20951,'2017-05-15 01:06:33',1,0,NULL,0),
(66,'product_66.jpg','image/jpeg',24425,'2017-05-15 01:06:33',1,0,NULL,0),
(67,'product_67.jpg','image/jpeg',23629,'2017-05-15 01:06:33',1,0,NULL,0),
(68,'product_68.jpg','image/jpeg',25658,'2017-05-15 01:06:33',1,0,NULL,0),
(69,'product_69.jpg','image/jpeg',23903,'2017-05-15 01:06:33',1,0,NULL,0),
(70,'product_70.jpg','image/jpeg',26114,'2017-05-15 01:06:33',1,0,NULL,0),
(71,'product_71.jpg','image/jpeg',17390,'2017-05-15 01:06:33',1,0,NULL,0),
(72,'product_72.jpg','image/jpeg',23128,'2017-05-15 01:06:33',1,0,NULL,0),
(73,'product_73.jpg','image/jpeg',21910,'2017-05-15 01:06:33',1,0,NULL,0),
(74,'product_74.jpg','image/jpeg',19774,'2017-05-15 01:06:33',1,0,NULL,0),
(75,'product_75.jpg','image/jpeg',21649,'2017-05-15 01:06:33',1,0,NULL,0),
(76,'product_76.jpg','image/jpeg',20645,'2017-05-15 01:06:34',1,0,NULL,0),
(77,'product_77.jpg','image/jpeg',19922,'2017-05-15 01:06:34',1,0,NULL,0),
(78,'product_78.jpg','image/jpeg',22836,'2017-05-15 01:06:34',1,0,NULL,0),
(79,'product_79.jpg','image/jpeg',19908,'2017-05-15 01:06:34',1,0,NULL,0),
(80,'product_80.jpg','image/jpeg',20447,'2017-05-15 01:06:34',1,0,NULL,0),
(81,'product_81.jpg','image/jpeg',18312,'2017-05-15 01:06:34',1,0,NULL,0),
(82,'product_82.jpg','image/jpeg',19570,'2017-05-15 01:06:34',1,0,NULL,0),
(83,'product_83.jpg','image/jpeg',19238,'2017-05-15 01:06:34',1,0,NULL,0),
(84,'product_84.jpg','image/jpeg',18546,'2017-05-15 01:06:34',1,0,NULL,0),
(85,'product_85.jpg','image/jpeg',16655,'2017-05-15 01:06:34',1,0,NULL,0),
(86,'product_86.jpg','image/jpeg',15748,'2017-05-15 01:06:34',1,0,NULL,0),
(87,'product_87.jpg','image/jpeg',23687,'2017-05-15 01:06:35',1,0,NULL,0),
(88,'product_88.jpg','image/jpeg',21539,'2017-05-15 01:06:35',1,0,NULL,0),
(89,'product_89.jpg','image/jpeg',20914,'2017-05-15 01:06:35',1,0,NULL,0),
(90,'product_90.jpg','image/jpeg',21514,'2017-05-15 01:06:35',1,0,NULL,0),
(91,'product_91.jpg','image/jpeg',19054,'2017-05-15 01:08:49',1,0,NULL,0),
(92,'product_92.jpg','image/jpeg',22973,'2017-05-15 01:08:49',1,0,NULL,0),
(93,'product_93.jpg','image/jpeg',22380,'2017-05-15 01:08:49',1,0,NULL,0),
(94,'product_94.jpg','image/jpeg',20704,'2017-05-15 01:08:49',1,0,NULL,0),
(95,'product_95.jpg','image/jpeg',18080,'2017-05-15 01:08:49',1,0,NULL,0),
(96,'product_96.jpg','image/jpeg',14663,'2017-05-15 01:08:49',1,0,NULL,0),
(97,'product_97.jpg','image/jpeg',18906,'2017-05-15 01:08:50',1,0,NULL,0),
(98,'product_98.jpg','image/jpeg',19512,'2017-05-15 01:08:50',1,0,NULL,0),
(99,'product_99.jpg','image/jpeg',17570,'2017-05-15 01:08:50',1,0,NULL,0),
(100,'product_100.jpg','image/jpeg',16877,'2017-05-15 01:08:50',1,0,NULL,0),
(101,'product_101.jpg','image/jpeg',15247,'2017-05-15 01:08:50',1,0,NULL,0),
(102,'product_102.jpg','image/jpeg',23690,'2017-05-15 01:08:50',1,0,NULL,0),
(103,'product_103.jpg','image/jpeg',16551,'2017-05-15 01:08:50',1,0,NULL,0),
(104,'product_104.jpg','image/jpeg',18680,'2017-05-15 01:08:50',1,0,NULL,0),
(105,'product_105.jpg','image/jpeg',16174,'2017-05-15 01:08:50',1,0,NULL,0),
(106,'product_106.jpg','image/jpeg',21822,'2017-05-15 01:08:50',1,0,NULL,0),
(107,'product_107.jpg','image/jpeg',28715,'2017-05-15 01:08:50',1,0,NULL,0),
(108,'product_108.jpg','image/jpeg',18649,'2017-05-15 01:08:50',1,0,NULL,0),
(109,'product_109.jpg','image/jpeg',20505,'2017-05-15 01:08:50',1,0,NULL,0),
(110,'product_110.jpg','image/jpeg',30878,'2017-05-15 01:08:50',1,0,NULL,0),
(111,'product_111.jpg','image/jpeg',27710,'2017-05-15 01:08:50',1,0,NULL,0),
(112,'product_112.jpg','image/jpeg',28528,'2017-05-15 01:08:51',1,0,NULL,0),
(113,'product_113.jpg','image/jpeg',17553,'2017-05-15 01:08:51',1,0,NULL,0),
(114,'product_114.jpg','image/jpeg',36780,'2017-05-15 01:08:51',1,0,NULL,0),
(115,'product_115.jpg','image/jpeg',21440,'2017-05-15 01:08:51',1,0,NULL,0),
(116,'product_116.jpg','image/jpeg',26434,'2017-05-15 01:08:51',1,0,NULL,0),
(117,'product_117.jpg','image/jpeg',28019,'2017-05-15 01:08:51',1,0,NULL,0),
(118,'product_118.jpg','image/jpeg',21472,'2017-05-15 01:08:51',1,0,NULL,0),
(119,'product_119.jpg','image/jpeg',16732,'2017-05-15 01:08:51',1,0,NULL,0),
(120,'product_120.jpg','image/jpeg',15708,'2017-05-15 01:08:51',1,0,NULL,0),
(121,'product_121.jpg','image/jpeg',13646,'2017-05-15 01:08:51',1,0,NULL,0),
(122,'product_122.jpg','image/jpeg',16720,'2017-05-15 01:08:51',1,0,NULL,0),
(123,'product_123.jpg','image/jpeg',18318,'2017-05-15 01:08:51',1,0,NULL,0),
(124,'product_124.jpg','image/jpeg',18721,'2017-05-15 01:08:51',1,0,NULL,0),
(125,'product_125.jpg','image/jpeg',20768,'2017-05-15 01:08:51',1,0,NULL,0),
(126,'product_126.jpg','image/jpeg',14621,'2017-05-15 01:08:51',1,0,NULL,0),
(127,'product_127.jpg','image/jpeg',19740,'2017-05-15 01:08:51',1,0,NULL,0),
(128,'product_128.jpg','image/jpeg',14520,'2017-05-15 01:08:51',1,0,NULL,0),
(129,'product_129.jpg','image/jpeg',31422,'2017-05-15 01:08:52',1,0,NULL,0),
(130,'product_130.jpg','image/jpeg',26401,'2017-05-15 01:08:52',1,0,NULL,0),
(131,'product_131.jpg','image/jpeg',20148,'2017-05-15 01:08:52',1,0,NULL,0),
(132,'product_132.jpg','image/jpeg',27379,'2017-05-15 01:08:52',1,0,NULL,0),
(133,'product_133.jpg','image/jpeg',12705,'2017-05-15 01:11:37',1,0,NULL,0),
(134,'product_134.jpg','image/jpeg',12490,'2017-05-15 01:11:37',1,0,NULL,0),
(135,'product_135.jpg','image/jpeg',14304,'2017-05-15 01:11:37',1,0,NULL,0),
(136,'product_136.jpg','image/jpeg',13431,'2017-05-15 01:11:37',1,0,NULL,0),
(137,'product_137.jpg','image/jpeg',12450,'2017-05-15 01:11:37',1,0,NULL,0),
(138,'product_138.jpg','image/jpeg',12220,'2017-05-15 01:11:37',1,0,NULL,0),
(139,'product_139.jpg','image/jpeg',12221,'2017-05-15 01:11:37',1,0,NULL,0),
(140,'product_140.jpg','image/jpeg',12155,'2017-05-15 01:11:38',1,0,NULL,0),
(141,'product_141.jpg','image/jpeg',13081,'2017-05-15 01:11:38',1,0,NULL,0),
(142,'product_142.jpg','image/jpeg',14082,'2017-05-15 01:11:38',1,0,NULL,0),
(143,'product_143.jpg','image/jpeg',12170,'2017-05-15 01:11:38',1,0,NULL,0),
(144,'product_144.jpg','image/jpeg',10983,'2017-05-15 01:11:38',1,0,NULL,0),
(145,'product_145.jpg','image/jpeg',13972,'2017-05-15 01:11:38',1,0,NULL,0),
(146,'product_146.jpg','image/jpeg',12714,'2017-05-15 01:11:38',1,0,NULL,0),
(147,'product_147.jpg','image/jpeg',14249,'2017-05-15 01:11:38',1,0,NULL,0),
(148,'product_148.jpg','image/jpeg',12304,'2017-05-15 01:11:38',1,0,NULL,0),
(149,'product_149.jpg','image/jpeg',12393,'2017-05-15 01:11:38',1,0,NULL,0),
(150,'product_150.jpg','image/jpeg',13261,'2017-05-15 01:11:38',1,0,NULL,0),
(151,'product_151.jpg','image/jpeg',12799,'2017-05-15 01:11:38',1,0,NULL,0),
(152,'product_152.jpg','image/jpeg',13453,'2017-05-15 01:11:39',1,0,NULL,0),
(153,'product_153.jpg','image/jpeg',12600,'2017-05-15 01:11:39',1,0,NULL,0),
(154,'product_154.jpg','image/jpeg',12402,'2017-05-15 01:11:39',1,0,NULL,0),
(155,'product_155.jpg','image/jpeg',13000,'2017-05-15 01:11:39',1,0,NULL,0),
(156,'product_156.jpg','image/jpeg',13045,'2017-05-15 01:11:39',1,0,NULL,0),
(157,'sketch_157.jpg','image/jpeg',5411,'2017-05-15 01:15:35',1,0,3,0),
(158,'sketch_158.jpg','image/jpeg',28526,'2017-05-15 01:15:35',1,0,3,0),
(159,'sketch_159.jpg','image/jpeg',22468,'2017-05-15 01:15:35',1,0,3,0),
(160,'sketch_160.jpeg','image/jpeg',9252,'2017-05-15 01:15:35',1,0,3,0),
(161,'sketch_161.jpeg','image/jpeg',6200,'2017-05-15 01:15:35',1,0,3,0),
(162,'product_162.jpg','image/jpeg',20208,'2017-05-15 01:18:05',1,0,NULL,0),
(163,'product_163.jpg','image/jpeg',19181,'2017-05-15 01:18:05',1,0,NULL,0),
(164,'product_164.png','image/png',40171,'2017-05-15 01:18:05',1,0,NULL,0),
(165,'product_165.png','image/png',18282,'2017-05-15 01:18:05',1,0,NULL,0),
(166,'product_166.png','image/png',20097,'2017-05-15 01:18:05',1,0,NULL,0),
(167,'product_167.png','image/png',46953,'2017-05-15 01:18:05',1,0,NULL,0),
(168,'product_168.png','image/png',87780,'2017-05-15 01:18:05',1,0,NULL,0),
(169,'product_169.jpg','image/jpeg',6033,'2017-05-15 01:18:05',1,0,NULL,0),
(170,'product_170.jpg','image/jpeg',18352,'2017-05-15 01:18:05',1,0,NULL,0),
(171,'product_171.png','image/png',21846,'2017-05-15 01:18:05',1,0,NULL,0),
(172,'product_172.jpg','image/jpeg',7705,'2017-05-15 01:18:05',1,0,NULL,0),
(173,'product_173.jpg','image/jpeg',5435,'2017-05-15 01:18:05',1,0,NULL,0),
(174,'product_174.jpg','image/jpeg',10254,'2017-05-15 01:18:06',1,0,NULL,0),
(175,'product_175.jpg','image/jpeg',10954,'2017-05-15 01:18:06',1,0,NULL,0),
(176,'product_176.jpg','image/jpeg',4261,'2017-05-15 01:18:06',1,0,NULL,0),
(177,'product_177.jpg','image/jpeg',4327,'2017-05-15 01:18:06',1,0,NULL,0),
(178,'product_178.jpg','image/jpeg',17888,'2017-05-15 01:18:06',1,0,NULL,0),
(179,'product_179.jpg','image/jpeg',22352,'2017-05-15 01:19:15',1,0,NULL,0),
(180,'product_180.png','image/png',54917,'2017-05-15 01:20:09',1,0,NULL,0),
(181,'product_181.png','image/png',110088,'2017-05-15 01:20:09',1,0,NULL,0),
(182,'sketch_182.jpg','image/jpeg',7619,'2017-05-15 01:21:56',1,0,4,0),
(183,'sketch_183.jpg','image/jpeg',7441,'2017-05-15 01:21:57',1,0,4,0),
(184,'sketch_184.jpg','image/jpeg',9254,'2017-05-15 01:21:57',1,0,4,0),
(185,'sketch_185.jpg','image/jpeg',6867,'2017-05-15 01:21:57',1,0,4,0),
(186,'sketch_186.jpg','image/jpeg',7491,'2017-05-15 01:21:57',1,0,4,0),
(187,'sketch_187.jpg','image/jpeg',22300,'2017-05-15 01:21:57',1,0,4,0);

/*Data for the table `g_language_lcp` */

insert  into `g_language_lcp`(`value`,`key`,`title`,`locale`) values 
(1,'ru','Russian','ru'),
(2,'hy','Armenian','hy'),
(3,'en','English','en');

/*Data for the table `price_list_info` */

/*Data for the table `sketch` */

insert  into `sketch`(`id`,`status`,`order`,`main_image_id`) values 
(1,1,NULL,13),
(2,1,NULL,23),
(3,1,NULL,157),
(4,1,NULL,182);

/*Data for the table `sketch_info` */

insert  into `sketch_info`(`id`,`sketch_id`,`lang`,`name`,`short_desc`,`title`,`description`) values 
(1,1,1,'ВОРОТА','Кованые ворота','Кованые ворота (Эскизы)','<p style=\"border: 0px; font-family: Ubuntu, sans-serif; font-size: 18px; margin-bottom: 24px; outline: 0px; padding: 0px; vertical-align: baseline; word-wrap: break-word; color: rgb(158, 173, 191);\"><span style=\"border: 0px; font-family: inherit; font-style: inherit; font-weight: inherit; margin: 0px; outline: 0px; padding: 0px; vertical-align: baseline; word-wrap: break-word; color: rgb(0, 0, 0);\"><strong style=\"border: 0px; font-family: inherit; font-style: inherit; margin: 0px; outline: 0px; padding: 0px; vertical-align: baseline; word-wrap: break-word;\">Кованые ворота</strong>, оставаясь элегантными, создают ощущение надежности и защищенности. Так же они служат прекрасной визитной карточкой хозяев, поэтому, если вам не безразлично впечатление, которое производит ваша дача или усадьба &nbsp;на окружающих, не пожалейте денег и закажите для себя в нашей компании.</span></p><p style=\"border: 0px; font-family: Ubuntu, sans-serif; font-size: 18px; margin-bottom: 24px; outline: 0px; padding: 0px; vertical-align: baseline; word-wrap: break-word; color: rgb(158, 173, 191);\"><span style=\"border: 0px; font-family: inherit; font-style: inherit; font-weight: inherit; margin: 0px; outline: 0px; padding: 0px; vertical-align: baseline; word-wrap: break-word; color: rgb(0, 0, 0);\">В наше время многие владельцы загородных домов стали отдавать предпочтение&nbsp;<strong style=\"border: 0px; font-family: inherit; font-style: inherit; margin: 0px; outline: 0px; padding: 0px; vertical-align: baseline; word-wrap: break-word;\">кованым воротам</strong>, которые не только являются прекрасным украшением, но и представляют собой отличную защиту от нежелательного проникновения внутрь посторонних. Такие ворота ценятся, прежде всего, благодаря своей долговечности, прочности, а также неповторимости.</span></p><p style=\"border: 0px; font-family: Ubuntu, sans-serif; font-size: 18px; margin-bottom: 24px; outline: 0px; padding: 0px; vertical-align: baseline; word-wrap: break-word; color: rgb(158, 173, 191);\"><span style=\"border: 0px; font-family: inherit; font-style: inherit; font-weight: inherit; margin: 0px; outline: 0px; padding: 0px; vertical-align: baseline; word-wrap: break-word; color: rgb(0, 0, 0);\">Помимо надежности к их преимуществам можно отнести красоту, повышенную прочность, устойчивость к воздействиям внешней среды. Они практически не нуждаются в уходе или ремонте. Еще одним достоинством, которыми они обладают, является их хорошее сочетание с практически любым стилем ландшафтного дизайна или интерьера. Прекрасным дополнением к ним станут кованые заборы, решетки и козырьки. Все эти атрибуты не только повысят безопасность и защищенность вашей территории, но и послужат для нее неповторимым украшением и эффектным дополнением ее архитектурного облика.</span></p><p style=\"border: 0px; font-family: Ubuntu, sans-serif; font-size: 18px; margin-bottom: 24px; outline: 0px; padding: 0px; vertical-align: baseline; word-wrap: break-word; color: rgb(158, 173, 191);\"><span style=\"border: 0px; font-family: inherit; font-style: inherit; font-weight: inherit; margin: 0px; outline: 0px; padding: 0px; vertical-align: baseline; word-wrap: break-word; color: rgb(0, 0, 0);\">При подборе узора рекомендуется обязательно учитывать желаемую плотность рисунка. Если вы хотите продемонстрировать свой прекрасный сад или двор, узор может быть самым легким. Тем, кто не любит, когда на него непрерывно глядят с улицы, предлагаются более густые узоры, скрывающие столь же надежно, как дерево или гранит. По желанию заказчика применяют сочетанные композиции, содержащие вкрапления стекла, древесины и кремня.</span></p><p style=\"border: 0px; font-family: Ubuntu, sans-serif; font-size: 18px; margin-bottom: 0px; outline: 0px; padding: 0px; vertical-align: baseline; word-wrap: break-word; color: rgb(158, 173, 191);\"><span style=\"border: 0px; font-family: inherit; font-style: inherit; font-weight: inherit; margin: 0px; outline: 0px; padding: 0px; vertical-align: baseline; word-wrap: break-word; color: rgb(0, 0, 0);\">Наши мастера кузнечного дела, освоившие все тонкости художественной ковки, воплотят затем эти замыслы в жизнь. Обращайтесь в нашу компанию и вы никогда не пожалеете об этом решении, поскольку изготовленные у нас ворота будут служить практически вечно.</span></p>'),
(2,1,2,'ВОРОТА','Кованые ворота','Кованые ворота (Эскизы)','<p style=\"border: 0px; font-family: Ubuntu, sans-serif; font-size: 18px; margin-bottom: 24px; outline: 0px; padding: 0px; vertical-align: baseline; word-wrap: break-word; color: rgb(158, 173, 191);\"><span style=\"border: 0px; font-family: inherit; font-style: inherit; font-weight: inherit; margin: 0px; outline: 0px; padding: 0px; vertical-align: baseline; word-wrap: break-word; color: rgb(0, 0, 0);\"><strong style=\"border: 0px; font-family: inherit; font-style: inherit; margin: 0px; outline: 0px; padding: 0px; vertical-align: baseline; word-wrap: break-word;\">Кованые ворота</strong>, оставаясь элегантными, создают ощущение надежности и защищенности. Так же они служат прекрасной визитной карточкой хозяев, поэтому, если вам не безразлично впечатление, которое производит ваша дача или усадьба &nbsp;на окружающих, не пожалейте денег и закажите для себя в нашей компании.</span></p><p style=\"border: 0px; font-family: Ubuntu, sans-serif; font-size: 18px; margin-bottom: 24px; outline: 0px; padding: 0px; vertical-align: baseline; word-wrap: break-word; color: rgb(158, 173, 191);\"><span style=\"border: 0px; font-family: inherit; font-style: inherit; font-weight: inherit; margin: 0px; outline: 0px; padding: 0px; vertical-align: baseline; word-wrap: break-word; color: rgb(0, 0, 0);\">В наше время многие владельцы загородных домов стали отдавать предпочтение&nbsp;<strong style=\"border: 0px; font-family: inherit; font-style: inherit; margin: 0px; outline: 0px; padding: 0px; vertical-align: baseline; word-wrap: break-word;\">кованым воротам</strong>, которые не только являются прекрасным украшением, но и представляют собой отличную защиту от нежелательного проникновения внутрь посторонних. Такие ворота ценятся, прежде всего, благодаря своей долговечности, прочности, а также неповторимости.</span></p><p style=\"border: 0px; font-family: Ubuntu, sans-serif; font-size: 18px; margin-bottom: 24px; outline: 0px; padding: 0px; vertical-align: baseline; word-wrap: break-word; color: rgb(158, 173, 191);\"><span style=\"border: 0px; font-family: inherit; font-style: inherit; font-weight: inherit; margin: 0px; outline: 0px; padding: 0px; vertical-align: baseline; word-wrap: break-word; color: rgb(0, 0, 0);\">Помимо надежности к их преимуществам можно отнести красоту, повышенную прочность, устойчивость к воздействиям внешней среды. Они практически не нуждаются в уходе или ремонте. Еще одним достоинством, которыми они обладают, является их хорошее сочетание с практически любым стилем ландшафтного дизайна или интерьера. Прекрасным дополнением к ним станут кованые заборы, решетки и козырьки. Все эти атрибуты не только повысят безопасность и защищенность вашей территории, но и послужат для нее неповторимым украшением и эффектным дополнением ее архитектурного облика.</span></p><p style=\"border: 0px; font-family: Ubuntu, sans-serif; font-size: 18px; margin-bottom: 24px; outline: 0px; padding: 0px; vertical-align: baseline; word-wrap: break-word; color: rgb(158, 173, 191);\"><span style=\"border: 0px; font-family: inherit; font-style: inherit; font-weight: inherit; margin: 0px; outline: 0px; padding: 0px; vertical-align: baseline; word-wrap: break-word; color: rgb(0, 0, 0);\">При подборе узора рекомендуется обязательно учитывать желаемую плотность рисунка. Если вы хотите продемонстрировать свой прекрасный сад или двор, узор может быть самым легким. Тем, кто не любит, когда на него непрерывно глядят с улицы, предлагаются более густые узоры, скрывающие столь же надежно, как дерево или гранит. По желанию заказчика применяют сочетанные композиции, содержащие вкрапления стекла, древесины и кремня.</span></p><p style=\"border: 0px; font-family: Ubuntu, sans-serif; font-size: 18px; margin-bottom: 0px; outline: 0px; padding: 0px; vertical-align: baseline; word-wrap: break-word; color: rgb(158, 173, 191);\"><span style=\"border: 0px; font-family: inherit; font-style: inherit; font-weight: inherit; margin: 0px; outline: 0px; padding: 0px; vertical-align: baseline; word-wrap: break-word; color: rgb(0, 0, 0);\">Наши мастера кузнечного дела, освоившие все тонкости художественной ковки, воплотят затем эти замыслы в жизнь. Обращайтесь в нашу компанию и вы никогда не пожалеете об этом решении, поскольку изготовленные у нас ворота будут служить практически вечно.</span></p>'),
(3,1,3,'ВОРОТА','Кованые ворота','Кованые ворота (Эскизы)','<p style=\"border: 0px; font-family: Ubuntu, sans-serif; font-size: 18px; margin-bottom: 24px; outline: 0px; padding: 0px; vertical-align: baseline; word-wrap: break-word; color: rgb(158, 173, 191);\"><span style=\"border: 0px; font-family: inherit; font-style: inherit; font-weight: inherit; margin: 0px; outline: 0px; padding: 0px; vertical-align: baseline; word-wrap: break-word; color: rgb(0, 0, 0);\"><strong style=\"border: 0px; font-family: inherit; font-style: inherit; margin: 0px; outline: 0px; padding: 0px; vertical-align: baseline; word-wrap: break-word;\">Кованые ворота</strong>, оставаясь элегантными, создают ощущение надежности и защищенности. Так же они служат прекрасной визитной карточкой хозяев, поэтому, если вам не безразлично впечатление, которое производит ваша дача или усадьба &nbsp;на окружающих, не пожалейте денег и закажите для себя в нашей компании.</span></p><p style=\"border: 0px; font-family: Ubuntu, sans-serif; font-size: 18px; margin-bottom: 24px; outline: 0px; padding: 0px; vertical-align: baseline; word-wrap: break-word; color: rgb(158, 173, 191);\"><span style=\"border: 0px; font-family: inherit; font-style: inherit; font-weight: inherit; margin: 0px; outline: 0px; padding: 0px; vertical-align: baseline; word-wrap: break-word; color: rgb(0, 0, 0);\">В наше время многие владельцы загородных домов стали отдавать предпочтение&nbsp;<strong style=\"border: 0px; font-family: inherit; font-style: inherit; margin: 0px; outline: 0px; padding: 0px; vertical-align: baseline; word-wrap: break-word;\">кованым воротам</strong>, которые не только являются прекрасным украшением, но и представляют собой отличную защиту от нежелательного проникновения внутрь посторонних. Такие ворота ценятся, прежде всего, благодаря своей долговечности, прочности, а также неповторимости.</span></p><p style=\"border: 0px; font-family: Ubuntu, sans-serif; font-size: 18px; margin-bottom: 24px; outline: 0px; padding: 0px; vertical-align: baseline; word-wrap: break-word; color: rgb(158, 173, 191);\"><span style=\"border: 0px; font-family: inherit; font-style: inherit; font-weight: inherit; margin: 0px; outline: 0px; padding: 0px; vertical-align: baseline; word-wrap: break-word; color: rgb(0, 0, 0);\">Помимо надежности к их преимуществам можно отнести красоту, повышенную прочность, устойчивость к воздействиям внешней среды. Они практически не нуждаются в уходе или ремонте. Еще одним достоинством, которыми они обладают, является их хорошее сочетание с практически любым стилем ландшафтного дизайна или интерьера. Прекрасным дополнением к ним станут кованые заборы, решетки и козырьки. Все эти атрибуты не только повысят безопасность и защищенность вашей территории, но и послужат для нее неповторимым украшением и эффектным дополнением ее архитектурного облика.</span></p><p style=\"border: 0px; font-family: Ubuntu, sans-serif; font-size: 18px; margin-bottom: 24px; outline: 0px; padding: 0px; vertical-align: baseline; word-wrap: break-word; color: rgb(158, 173, 191);\"><span style=\"border: 0px; font-family: inherit; font-style: inherit; font-weight: inherit; margin: 0px; outline: 0px; padding: 0px; vertical-align: baseline; word-wrap: break-word; color: rgb(0, 0, 0);\">При подборе узора рекомендуется обязательно учитывать желаемую плотность рисунка. Если вы хотите продемонстрировать свой прекрасный сад или двор, узор может быть самым легким. Тем, кто не любит, когда на него непрерывно глядят с улицы, предлагаются более густые узоры, скрывающие столь же надежно, как дерево или гранит. По желанию заказчика применяют сочетанные композиции, содержащие вкрапления стекла, древесины и кремня.</span></p><p style=\"border: 0px; font-family: Ubuntu, sans-serif; font-size: 18px; margin-bottom: 0px; outline: 0px; padding: 0px; vertical-align: baseline; word-wrap: break-word; color: rgb(158, 173, 191);\"><span style=\"border: 0px; font-family: inherit; font-style: inherit; font-weight: inherit; margin: 0px; outline: 0px; padding: 0px; vertical-align: baseline; word-wrap: break-word; color: rgb(0, 0, 0);\">Наши мастера кузнечного дела, освоившие все тонкости художественной ковки, воплотят затем эти замыслы в жизнь. Обращайтесь в нашу компанию и вы никогда не пожалеете об этом решении, поскольку изготовленные у нас ворота будут служить практически вечно.</span></p>'),
(4,2,1,'ЗАБОРЫ','Кованые заборы и ограждения','Кованые заборы и ограждения (Эскизы)','<h2 style=\"border: 0px; font-family: Aladin, sans-serif; font-size: 24px; margin: 12px 0px; outline: 0px; padding: 0px; vertical-align: baseline; word-wrap: break-word; line-height: 1; color: rgb(35, 35, 35); text-align: center;\"><span style=\"border: 0px; font-family: inherit; font-style: inherit; font-weight: inherit; margin: 0px; outline: 0px; padding: 0px; vertical-align: baseline; word-wrap: break-word; color: rgb(255, 0, 0);\">Эскизы с ценами немного ниже…</span></h2><p style=\"border: 0px; font-family: Ubuntu, sans-serif; font-size: 18px; margin-bottom: 24px; outline: 0px; padding: 0px; vertical-align: baseline; word-wrap: break-word; color: rgb(158, 173, 191);\"><span style=\"border: 0px; font-family: inherit; font-style: inherit; font-weight: inherit; margin: 0px; outline: 0px; padding: 0px; vertical-align: baseline; word-wrap: break-word; color: rgb(0, 0, 0);\">Основное направление деятельности компании —&nbsp;<strong style=\"border: 0px; font-family: inherit; font-style: inherit; margin: 0px; outline: 0px; padding: 0px; vertical-align: baseline; word-wrap: break-word;\">изготовление кованых, а так же сварных и других видов заборов и ограждений</strong>. Кованый забор «под ключ» — это отличный выбор для:</span></p><p style=\"border: 0px; font-family: Ubuntu, sans-serif; font-size: 18px; margin-bottom: 24px; outline: 0px; padding: 0px; vertical-align: baseline; word-wrap: break-word; color: rgb(158, 173, 191);\"><span style=\"border: 0px; font-family: inherit; font-style: inherit; font-weight: inherit; margin: 0px; outline: 0px; padding: 0px; vertical-align: baseline; word-wrap: break-word; color: rgb(0, 0, 0);\">-Защиты территории;</span></p><p style=\"border: 0px; font-family: Ubuntu, sans-serif; font-size: 18px; margin-bottom: 24px; outline: 0px; padding: 0px; vertical-align: baseline; word-wrap: break-word; color: rgb(158, 173, 191);\"><span style=\"border: 0px; font-family: inherit; font-style: inherit; font-weight: inherit; margin: 0px; outline: 0px; padding: 0px; vertical-align: baseline; word-wrap: break-word; color: rgb(0, 0, 0);\">-Благоустройства территории;</span></p><p style=\"border: 0px; font-family: Ubuntu, sans-serif; font-size: 18px; margin-bottom: 24px; outline: 0px; padding: 0px; vertical-align: baseline; word-wrap: break-word; color: rgb(158, 173, 191);\"><span style=\"border: 0px; font-family: inherit; font-style: inherit; font-weight: inherit; margin: 0px; outline: 0px; padding: 0px; vertical-align: baseline; word-wrap: break-word; color: rgb(0, 0, 0);\">-Украшения территории;</span></p><p style=\"border: 0px; font-family: Ubuntu, sans-serif; font-size: 18px; margin-bottom: 24px; outline: 0px; padding: 0px; vertical-align: baseline; word-wrap: break-word; color: rgb(158, 173, 191);\"><span style=\"border: 0px; font-family: inherit; font-style: inherit; font-weight: inherit; margin: 0px; outline: 0px; padding: 0px; vertical-align: baseline; word-wrap: break-word; color: rgb(0, 0, 0);\">Наша компания «Техпромстрой» готова предложить заказчикам, весь ряд услуг по изготовлению и монтажу заборов всех видов. Собственное производство в городе Железнодорожном(Балашиха). Благодаря собственному производству в Балашихе, мы имеем возможность предоставить прекрасные условия для изготовление и монтажа продукции для Москвы и Московской области, используя современное оборудование.</span></p><h4 style=\"border: 0px; font-family: Aladin, sans-serif; font-size: 20px; margin: 12px 0px; outline: 0px; padding: 0px; vertical-align: baseline; word-wrap: break-word; line-height: 1.2; color: rgb(35, 35, 35);\"><span style=\"border: 0px; font-family: inherit; font-style: inherit; font-weight: inherit; margin: 0px; outline: 0px; padding: 0px; vertical-align: baseline; word-wrap: break-word; color: rgb(0, 0, 0);\">Кованые заборы и ограждения</span></h4><p style=\"border: 0px; font-family: Ubuntu, sans-serif; font-size: 18px; margin-bottom: 24px; outline: 0px; padding: 0px; vertical-align: baseline; word-wrap: break-word; color: rgb(158, 173, 191);\"><span style=\"border: 0px; font-family: inherit; font-style: inherit; font-weight: inherit; margin: 0px; outline: 0px; padding: 0px; vertical-align: baseline; word-wrap: break-word; color: rgb(0, 0, 0);\">изготовление которых занимаются эксперты нашей компании, являются не только важным элементом ландшафтного дизайна, но и гарантируют вам:</span><br><span style=\"border: 0px; font-family: inherit; font-style: inherit; font-weight: inherit; margin: 0px; outline: 0px; padding: 0px; vertical-align: baseline; word-wrap: break-word; color: rgb(0, 0, 0);\">-высокий уровень безопасности;</span></p><p style=\"border: 0px; font-family: Ubuntu, sans-serif; font-size: 18px; margin-bottom: 24px; outline: 0px; padding: 0px; vertical-align: baseline; word-wrap: break-word; color: rgb(158, 173, 191);\"><span style=\"border: 0px; font-family: inherit; font-style: inherit; font-weight: inherit; margin: 0px; outline: 0px; padding: 0px; vertical-align: baseline; word-wrap: break-word; color: rgb(0, 0, 0);\">-надежную защиту участка;</span></p><p style=\"border: 0px; font-family: Ubuntu, sans-serif; font-size: 18px; margin-bottom: 24px; outline: 0px; padding: 0px; vertical-align: baseline; word-wrap: break-word; color: rgb(158, 173, 191);\"><span style=\"border: 0px; font-family: inherit; font-style: inherit; font-weight: inherit; margin: 0px; outline: 0px; padding: 0px; vertical-align: baseline; word-wrap: break-word; color: rgb(0, 0, 0);\">Кованые заборы для дачи, для коттеджа. Ограждения любого вида и типа:</span></p><p style=\"border: 0px; font-family: Ubuntu, sans-serif; font-size: 18px; margin-bottom: 24px; outline: 0px; padding: 0px; vertical-align: baseline; word-wrap: break-word; color: rgb(158, 173, 191);\"><span style=\"border: 0px; font-family: inherit; font-style: inherit; font-weight: inherit; margin: 0px; outline: 0px; padding: 0px; vertical-align: baseline; word-wrap: break-word; color: rgb(0, 0, 0);\">-услуги по проведению замеров и разметки участка;</span></p><p style=\"border: 0px; font-family: Ubuntu, sans-serif; font-size: 18px; margin-bottom: 24px; outline: 0px; padding: 0px; vertical-align: baseline; word-wrap: break-word; color: rgb(158, 173, 191);\"><span style=\"border: 0px; font-family: inherit; font-style: inherit; font-weight: inherit; margin: 0px; outline: 0px; padding: 0px; vertical-align: baseline; word-wrap: break-word; color: rgb(0, 0, 0);\">-Установка столбов, устройство фундамента для забора</span></p><p style=\"border: 0px; font-family: Ubuntu, sans-serif; font-size: 18px; margin-bottom: 24px; outline: 0px; padding: 0px; vertical-align: baseline; word-wrap: break-word; color: rgb(158, 173, 191);\">&nbsp;</p><p style=\"border: 0px; font-family: Ubuntu, sans-serif; font-size: 18px; margin-bottom: 0px; outline: 0px; padding: 0px; vertical-align: baseline; word-wrap: break-word; color: rgb(158, 173, 191);\"><span style=\"border: 0px; font-family: inherit; font-style: inherit; font-weight: inherit; margin: 0px; outline: 0px; padding: 0px; vertical-align: baseline; word-wrap: break-word; color: rgb(0, 0, 0);\">Элитное качество по низким ценам. Забор или ограждение — Мы изготовим и установим быстро. Обращайтесь! &nbsp;Москва и Московская область!</span></p>'),
(5,2,2,'ЗАБОРЫ','Кованые заборы и ограждения','Кованые заборы и ограждения (Эскизы)','<h2 style=\"border: 0px; font-family: Aladin, sans-serif; font-size: 24px; margin: 12px 0px; outline: 0px; padding: 0px; vertical-align: baseline; word-wrap: break-word; line-height: 1; color: rgb(35, 35, 35); text-align: center;\"><span style=\"border: 0px; font-family: inherit; font-style: inherit; font-weight: inherit; margin: 0px; outline: 0px; padding: 0px; vertical-align: baseline; word-wrap: break-word; color: rgb(255, 0, 0);\">Эскизы с ценами немного ниже…</span></h2><p style=\"border: 0px; font-family: Ubuntu, sans-serif; font-size: 18px; margin-bottom: 24px; outline: 0px; padding: 0px; vertical-align: baseline; word-wrap: break-word; color: rgb(158, 173, 191);\"><span style=\"border: 0px; font-family: inherit; font-style: inherit; font-weight: inherit; margin: 0px; outline: 0px; padding: 0px; vertical-align: baseline; word-wrap: break-word; color: rgb(0, 0, 0);\">Основное направление деятельности компании —&nbsp;<strong style=\"border: 0px; font-family: inherit; font-style: inherit; margin: 0px; outline: 0px; padding: 0px; vertical-align: baseline; word-wrap: break-word;\">изготовление кованых, а так же сварных и других видов заборов и ограждений</strong>. Кованый забор «под ключ» — это отличный выбор для:</span></p><p style=\"border: 0px; font-family: Ubuntu, sans-serif; font-size: 18px; margin-bottom: 24px; outline: 0px; padding: 0px; vertical-align: baseline; word-wrap: break-word; color: rgb(158, 173, 191);\"><span style=\"border: 0px; font-family: inherit; font-style: inherit; font-weight: inherit; margin: 0px; outline: 0px; padding: 0px; vertical-align: baseline; word-wrap: break-word; color: rgb(0, 0, 0);\">-Защиты территории;</span></p><p style=\"border: 0px; font-family: Ubuntu, sans-serif; font-size: 18px; margin-bottom: 24px; outline: 0px; padding: 0px; vertical-align: baseline; word-wrap: break-word; color: rgb(158, 173, 191);\"><span style=\"border: 0px; font-family: inherit; font-style: inherit; font-weight: inherit; margin: 0px; outline: 0px; padding: 0px; vertical-align: baseline; word-wrap: break-word; color: rgb(0, 0, 0);\">-Благоустройства территории;</span></p><p style=\"border: 0px; font-family: Ubuntu, sans-serif; font-size: 18px; margin-bottom: 24px; outline: 0px; padding: 0px; vertical-align: baseline; word-wrap: break-word; color: rgb(158, 173, 191);\"><span style=\"border: 0px; font-family: inherit; font-style: inherit; font-weight: inherit; margin: 0px; outline: 0px; padding: 0px; vertical-align: baseline; word-wrap: break-word; color: rgb(0, 0, 0);\">-Украшения территории;</span></p><p style=\"border: 0px; font-family: Ubuntu, sans-serif; font-size: 18px; margin-bottom: 24px; outline: 0px; padding: 0px; vertical-align: baseline; word-wrap: break-word; color: rgb(158, 173, 191);\"><span style=\"border: 0px; font-family: inherit; font-style: inherit; font-weight: inherit; margin: 0px; outline: 0px; padding: 0px; vertical-align: baseline; word-wrap: break-word; color: rgb(0, 0, 0);\">Наша компания «Техпромстрой» готова предложить заказчикам, весь ряд услуг по изготовлению и монтажу заборов всех видов. Собственное производство в городе Железнодорожном(Балашиха). Благодаря собственному производству в Балашихе, мы имеем возможность предоставить прекрасные условия для изготовление и монтажа продукции для Москвы и Московской области, используя современное оборудование.</span></p><h4 style=\"border: 0px; font-family: Aladin, sans-serif; font-size: 20px; margin: 12px 0px; outline: 0px; padding: 0px; vertical-align: baseline; word-wrap: break-word; line-height: 1.2; color: rgb(35, 35, 35);\"><span style=\"border: 0px; font-family: inherit; font-style: inherit; font-weight: inherit; margin: 0px; outline: 0px; padding: 0px; vertical-align: baseline; word-wrap: break-word; color: rgb(0, 0, 0);\">Кованые заборы и ограждения</span></h4><p style=\"border: 0px; font-family: Ubuntu, sans-serif; font-size: 18px; margin-bottom: 24px; outline: 0px; padding: 0px; vertical-align: baseline; word-wrap: break-word; color: rgb(158, 173, 191);\"><span style=\"border: 0px; font-family: inherit; font-style: inherit; font-weight: inherit; margin: 0px; outline: 0px; padding: 0px; vertical-align: baseline; word-wrap: break-word; color: rgb(0, 0, 0);\">изготовление которых занимаются эксперты нашей компании, являются не только важным элементом ландшафтного дизайна, но и гарантируют вам:</span><br><span style=\"border: 0px; font-family: inherit; font-style: inherit; font-weight: inherit; margin: 0px; outline: 0px; padding: 0px; vertical-align: baseline; word-wrap: break-word; color: rgb(0, 0, 0);\">-высокий уровень безопасности;</span></p><p style=\"border: 0px; font-family: Ubuntu, sans-serif; font-size: 18px; margin-bottom: 24px; outline: 0px; padding: 0px; vertical-align: baseline; word-wrap: break-word; color: rgb(158, 173, 191);\"><span style=\"border: 0px; font-family: inherit; font-style: inherit; font-weight: inherit; margin: 0px; outline: 0px; padding: 0px; vertical-align: baseline; word-wrap: break-word; color: rgb(0, 0, 0);\">-надежную защиту участка;</span></p><p style=\"border: 0px; font-family: Ubuntu, sans-serif; font-size: 18px; margin-bottom: 24px; outline: 0px; padding: 0px; vertical-align: baseline; word-wrap: break-word; color: rgb(158, 173, 191);\"><span style=\"border: 0px; font-family: inherit; font-style: inherit; font-weight: inherit; margin: 0px; outline: 0px; padding: 0px; vertical-align: baseline; word-wrap: break-word; color: rgb(0, 0, 0);\">Кованые заборы для дачи, для коттеджа. Ограждения любого вида и типа:</span></p><p style=\"border: 0px; font-family: Ubuntu, sans-serif; font-size: 18px; margin-bottom: 24px; outline: 0px; padding: 0px; vertical-align: baseline; word-wrap: break-word; color: rgb(158, 173, 191);\"><span style=\"border: 0px; font-family: inherit; font-style: inherit; font-weight: inherit; margin: 0px; outline: 0px; padding: 0px; vertical-align: baseline; word-wrap: break-word; color: rgb(0, 0, 0);\">-услуги по проведению замеров и разметки участка;</span></p><p style=\"border: 0px; font-family: Ubuntu, sans-serif; font-size: 18px; margin-bottom: 24px; outline: 0px; padding: 0px; vertical-align: baseline; word-wrap: break-word; color: rgb(158, 173, 191);\"><span style=\"border: 0px; font-family: inherit; font-style: inherit; font-weight: inherit; margin: 0px; outline: 0px; padding: 0px; vertical-align: baseline; word-wrap: break-word; color: rgb(0, 0, 0);\">-Установка столбов, устройство фундамента для забора</span></p><p style=\"border: 0px; font-family: Ubuntu, sans-serif; font-size: 18px; margin-bottom: 24px; outline: 0px; padding: 0px; vertical-align: baseline; word-wrap: break-word; color: rgb(158, 173, 191);\">&nbsp;</p><p style=\"border: 0px; font-family: Ubuntu, sans-serif; font-size: 18px; margin-bottom: 0px; outline: 0px; padding: 0px; vertical-align: baseline; word-wrap: break-word; color: rgb(158, 173, 191);\"><span style=\"border: 0px; font-family: inherit; font-style: inherit; font-weight: inherit; margin: 0px; outline: 0px; padding: 0px; vertical-align: baseline; word-wrap: break-word; color: rgb(0, 0, 0);\">Элитное качество по низким ценам. Забор или ограждение — Мы изготовим и установим быстро. Обращайтесь! &nbsp;Москва и Московская область!</span></p>'),
(6,2,3,'ЗАБОРЫ','Кованые заборы и ограждения','Кованые заборы и ограждения (Эскизы)','<h2 style=\"border: 0px; font-family: Aladin, sans-serif; font-size: 24px; margin: 12px 0px; outline: 0px; padding: 0px; vertical-align: baseline; word-wrap: break-word; line-height: 1; color: rgb(35, 35, 35); text-align: center;\"><span style=\"border: 0px; font-family: inherit; font-style: inherit; font-weight: inherit; margin: 0px; outline: 0px; padding: 0px; vertical-align: baseline; word-wrap: break-word; color: rgb(255, 0, 0);\">Эскизы с ценами немного ниже…</span></h2><p style=\"border: 0px; font-family: Ubuntu, sans-serif; font-size: 18px; margin-bottom: 24px; outline: 0px; padding: 0px; vertical-align: baseline; word-wrap: break-word; color: rgb(158, 173, 191);\"><span style=\"border: 0px; font-family: inherit; font-style: inherit; font-weight: inherit; margin: 0px; outline: 0px; padding: 0px; vertical-align: baseline; word-wrap: break-word; color: rgb(0, 0, 0);\">Основное направление деятельности компании —&nbsp;<strong style=\"border: 0px; font-family: inherit; font-style: inherit; margin: 0px; outline: 0px; padding: 0px; vertical-align: baseline; word-wrap: break-word;\">изготовление кованых, а так же сварных и других видов заборов и ограждений</strong>. Кованый забор «под ключ» — это отличный выбор для:</span></p><p style=\"border: 0px; font-family: Ubuntu, sans-serif; font-size: 18px; margin-bottom: 24px; outline: 0px; padding: 0px; vertical-align: baseline; word-wrap: break-word; color: rgb(158, 173, 191);\"><span style=\"border: 0px; font-family: inherit; font-style: inherit; font-weight: inherit; margin: 0px; outline: 0px; padding: 0px; vertical-align: baseline; word-wrap: break-word; color: rgb(0, 0, 0);\">-Защиты территории;</span></p><p style=\"border: 0px; font-family: Ubuntu, sans-serif; font-size: 18px; margin-bottom: 24px; outline: 0px; padding: 0px; vertical-align: baseline; word-wrap: break-word; color: rgb(158, 173, 191);\"><span style=\"border: 0px; font-family: inherit; font-style: inherit; font-weight: inherit; margin: 0px; outline: 0px; padding: 0px; vertical-align: baseline; word-wrap: break-word; color: rgb(0, 0, 0);\">-Благоустройства территории;</span></p><p style=\"border: 0px; font-family: Ubuntu, sans-serif; font-size: 18px; margin-bottom: 24px; outline: 0px; padding: 0px; vertical-align: baseline; word-wrap: break-word; color: rgb(158, 173, 191);\"><span style=\"border: 0px; font-family: inherit; font-style: inherit; font-weight: inherit; margin: 0px; outline: 0px; padding: 0px; vertical-align: baseline; word-wrap: break-word; color: rgb(0, 0, 0);\">-Украшения территории;</span></p><p style=\"border: 0px; font-family: Ubuntu, sans-serif; font-size: 18px; margin-bottom: 24px; outline: 0px; padding: 0px; vertical-align: baseline; word-wrap: break-word; color: rgb(158, 173, 191);\"><span style=\"border: 0px; font-family: inherit; font-style: inherit; font-weight: inherit; margin: 0px; outline: 0px; padding: 0px; vertical-align: baseline; word-wrap: break-word; color: rgb(0, 0, 0);\">Наша компания «Техпромстрой» готова предложить заказчикам, весь ряд услуг по изготовлению и монтажу заборов всех видов. Собственное производство в городе Железнодорожном(Балашиха). Благодаря собственному производству в Балашихе, мы имеем возможность предоставить прекрасные условия для изготовление и монтажа продукции для Москвы и Московской области, используя современное оборудование.</span></p><h4 style=\"border: 0px; font-family: Aladin, sans-serif; font-size: 20px; margin: 12px 0px; outline: 0px; padding: 0px; vertical-align: baseline; word-wrap: break-word; line-height: 1.2; color: rgb(35, 35, 35);\"><span style=\"border: 0px; font-family: inherit; font-style: inherit; font-weight: inherit; margin: 0px; outline: 0px; padding: 0px; vertical-align: baseline; word-wrap: break-word; color: rgb(0, 0, 0);\">Кованые заборы и ограждения</span></h4><p style=\"border: 0px; font-family: Ubuntu, sans-serif; font-size: 18px; margin-bottom: 24px; outline: 0px; padding: 0px; vertical-align: baseline; word-wrap: break-word; color: rgb(158, 173, 191);\"><span style=\"border: 0px; font-family: inherit; font-style: inherit; font-weight: inherit; margin: 0px; outline: 0px; padding: 0px; vertical-align: baseline; word-wrap: break-word; color: rgb(0, 0, 0);\">изготовление которых занимаются эксперты нашей компании, являются не только важным элементом ландшафтного дизайна, но и гарантируют вам:</span><br><span style=\"border: 0px; font-family: inherit; font-style: inherit; font-weight: inherit; margin: 0px; outline: 0px; padding: 0px; vertical-align: baseline; word-wrap: break-word; color: rgb(0, 0, 0);\">-высокий уровень безопасности;</span></p><p style=\"border: 0px; font-family: Ubuntu, sans-serif; font-size: 18px; margin-bottom: 24px; outline: 0px; padding: 0px; vertical-align: baseline; word-wrap: break-word; color: rgb(158, 173, 191);\"><span style=\"border: 0px; font-family: inherit; font-style: inherit; font-weight: inherit; margin: 0px; outline: 0px; padding: 0px; vertical-align: baseline; word-wrap: break-word; color: rgb(0, 0, 0);\">-надежную защиту участка;</span></p><p style=\"border: 0px; font-family: Ubuntu, sans-serif; font-size: 18px; margin-bottom: 24px; outline: 0px; padding: 0px; vertical-align: baseline; word-wrap: break-word; color: rgb(158, 173, 191);\"><span style=\"border: 0px; font-family: inherit; font-style: inherit; font-weight: inherit; margin: 0px; outline: 0px; padding: 0px; vertical-align: baseline; word-wrap: break-word; color: rgb(0, 0, 0);\">Кованые заборы для дачи, для коттеджа. Ограждения любого вида и типа:</span></p><p style=\"border: 0px; font-family: Ubuntu, sans-serif; font-size: 18px; margin-bottom: 24px; outline: 0px; padding: 0px; vertical-align: baseline; word-wrap: break-word; color: rgb(158, 173, 191);\"><span style=\"border: 0px; font-family: inherit; font-style: inherit; font-weight: inherit; margin: 0px; outline: 0px; padding: 0px; vertical-align: baseline; word-wrap: break-word; color: rgb(0, 0, 0);\">-услуги по проведению замеров и разметки участка;</span></p><p style=\"border: 0px; font-family: Ubuntu, sans-serif; font-size: 18px; margin-bottom: 24px; outline: 0px; padding: 0px; vertical-align: baseline; word-wrap: break-word; color: rgb(158, 173, 191);\"><span style=\"border: 0px; font-family: inherit; font-style: inherit; font-weight: inherit; margin: 0px; outline: 0px; padding: 0px; vertical-align: baseline; word-wrap: break-word; color: rgb(0, 0, 0);\">-Установка столбов, устройство фундамента для забора</span></p><p style=\"border: 0px; font-family: Ubuntu, sans-serif; font-size: 18px; margin-bottom: 24px; outline: 0px; padding: 0px; vertical-align: baseline; word-wrap: break-word; color: rgb(158, 173, 191);\">&nbsp;</p><p style=\"border: 0px; font-family: Ubuntu, sans-serif; font-size: 18px; margin-bottom: 0px; outline: 0px; padding: 0px; vertical-align: baseline; word-wrap: break-word; color: rgb(158, 173, 191);\"><span style=\"border: 0px; font-family: inherit; font-style: inherit; font-weight: inherit; margin: 0px; outline: 0px; padding: 0px; vertical-align: baseline; word-wrap: break-word; color: rgb(0, 0, 0);\">Элитное качество по низким ценам. Забор или ограждение — Мы изготовим и установим быстро. Обращайтесь! &nbsp;Москва и Московская область!</span></p>'),
(7,3,1,'КАЛИТКИ','Кованые калитки и двери','Кованые калитки и двери (Эскизы)','<h3 style=\"border: 0px; font-family: Aladin, sans-serif; font-size: 22px; margin: 12px 0px; outline: 0px; padding: 0px; vertical-align: baseline; word-wrap: break-word; color: rgb(35, 35, 35); text-align: center;\"><span style=\"border: 0px; font-family: inherit; font-style: inherit; font-weight: inherit; margin: 0px; outline: 0px; padding: 0px; vertical-align: baseline; word-wrap: break-word; color: rgb(255, 0, 0);\">Эскизы с ценами указаны немного ниже….</span></h3><p style=\"border: 0px; font-family: Ubuntu, sans-serif; font-size: 18px; margin-bottom: 24px; outline: 0px; padding: 0px; vertical-align: baseline; word-wrap: break-word; color: rgb(158, 173, 191);\"><span style=\"border: 0px; font-family: inherit; font-style: inherit; font-weight: inherit; margin: 0px; outline: 0px; padding: 0px; vertical-align: baseline; word-wrap: break-word; color: rgb(0, 0, 0);\"><strong style=\"border: 0px; font-family: inherit; font-style: inherit; margin: 0px; outline: 0px; padding: 0px; vertical-align: baseline; word-wrap: break-word;\">Кованые калитки и двери</strong>&nbsp;благодаря своим замысловатым узорам, и красоте, являются лучшим украшением экстерьера. Если вы хотите кардинально изменить внутренний дворик, внешний вид коттеджа, дачи, загородного дома, начните с заказа эксклюзивной калитки и дверей у нас.</span></p><h3 style=\"border: 0px; font-family: Aladin, sans-serif; font-size: 22px; margin: 12px 0px; outline: 0px; padding: 0px; vertical-align: baseline; word-wrap: break-word; color: rgb(35, 35, 35); text-align: center;\"><span style=\"border: 0px; font-family: inherit; font-style: inherit; font-weight: inherit; margin: 0px; outline: 0px; padding: 0px; vertical-align: baseline; word-wrap: break-word; color: rgb(0, 0, 0);\">Производство кованых калиток</span></h3><p style=\"border: 0px; font-family: Ubuntu, sans-serif; font-size: 18px; margin-bottom: 24px; outline: 0px; padding: 0px; vertical-align: baseline; word-wrap: break-word; color: rgb(158, 173, 191);\"><span style=\"border: 0px; font-family: inherit; font-style: inherit; font-weight: inherit; margin: 0px; outline: 0px; padding: 0px; vertical-align: baseline; word-wrap: break-word; color: rgb(0, 0, 0);\">Двери и калитки изготавливаются в собственном производственном цехе опытными мастерами, поэтому реализовать даже самый сложный дизайн нам под силу. Наличие покрасочной камеры даёт возможность придать готовой калитке или двери законченный вид. Порошковая покраска металлоконструкций делает их стойкими к воздействию внешних факторов. Она предохраняет металл от коррозии, продлевает срок службы металлоконструкции, не нуждается в специальном уходе. Богатая палитра цветов позволяет подобрать тон для калитки, соответствующий дизайнерской концепции.</span></p><p style=\"border: 0px; font-family: Ubuntu, sans-serif; font-size: 18px; margin-bottom: 24px; outline: 0px; padding: 0px; vertical-align: baseline; word-wrap: break-word; color: rgb(158, 173, 191);\"><span style=\"border: 0px; font-family: inherit; font-style: inherit; font-weight: inherit; margin: 0px; outline: 0px; padding: 0px; vertical-align: baseline; word-wrap: break-word; color: rgb(0, 0, 0);\">При производстве кованых калиток наши мастера ставят перед собой следующие цели:</span></p><p style=\"border: 0px; font-family: Ubuntu, sans-serif; font-size: 18px; margin-bottom: 24px; outline: 0px; padding: 0px; vertical-align: baseline; word-wrap: break-word; color: rgb(158, 173, 191);\"><span style=\"border: 0px; font-family: inherit; font-style: inherit; font-weight: inherit; margin: 0px; outline: 0px; padding: 0px; vertical-align: baseline; word-wrap: break-word; color: rgb(0, 0, 0);\">-надёжность и прочность калиток;</span></p><p style=\"border: 0px; font-family: Ubuntu, sans-serif; font-size: 18px; margin-bottom: 24px; outline: 0px; padding: 0px; vertical-align: baseline; word-wrap: break-word; color: rgb(158, 173, 191);\"><span style=\"border: 0px; font-family: inherit; font-style: inherit; font-weight: inherit; margin: 0px; outline: 0px; padding: 0px; vertical-align: baseline; word-wrap: break-word; color: rgb(0, 0, 0);\">-эстетически привлекательный вид;</span></p><p style=\"border: 0px; font-family: Ubuntu, sans-serif; font-size: 18px; margin-bottom: 24px; outline: 0px; padding: 0px; vertical-align: baseline; word-wrap: break-word; color: rgb(158, 173, 191);\"><span style=\"border: 0px; font-family: inherit; font-style: inherit; font-weight: inherit; margin: 0px; outline: 0px; padding: 0px; vertical-align: baseline; word-wrap: break-word; color: rgb(0, 0, 0);\">-простота эксплуатации;</span></p><p style=\"border: 0px; font-family: Ubuntu, sans-serif; font-size: 18px; margin-bottom: 24px; outline: 0px; padding: 0px; vertical-align: baseline; word-wrap: break-word; color: rgb(158, 173, 191);\"><span style=\"border: 0px; font-family: inherit; font-style: inherit; font-weight: inherit; margin: 0px; outline: 0px; padding: 0px; vertical-align: baseline; word-wrap: break-word; color: rgb(0, 0, 0);\">-лёгкий уход.</span></p><p style=\"border: 0px; font-family: Ubuntu, sans-serif; font-size: 18px; margin-bottom: 24px; outline: 0px; padding: 0px; vertical-align: baseline; word-wrap: break-word; color: rgb(158, 173, 191);\"><span style=\"border: 0px; font-family: inherit; font-style: inherit; font-weight: inherit; margin: 0px; outline: 0px; padding: 0px; vertical-align: baseline; word-wrap: break-word; color: rgb(0, 0, 0);\">У нас вы можете купить кованую калитку нужного размера, формы, стиля с листовым заполнением, зашитую поликарбонатом, решётчатую, без заполнения, комбинированную.</span></p><h2 style=\"border: 0px; font-family: Aladin, sans-serif; font-size: 24px; margin: 12px 0px; outline: 0px; padding: 0px; vertical-align: baseline; word-wrap: break-word; line-height: 1; color: rgb(35, 35, 35); text-align: center;\"><span style=\"border: 0px; font-family: inherit; font-style: inherit; font-weight: inherit; margin: 0px; outline: 0px; padding: 0px; vertical-align: baseline; word-wrap: break-word; color: rgb(0, 0, 0);\">Кованые двери</span></h2><p style=\"border: 0px; font-family: Ubuntu, sans-serif; font-size: 18px; margin-bottom: 24px; outline: 0px; padding: 0px; vertical-align: baseline; word-wrap: break-word; color: rgb(158, 173, 191);\"><span style=\"border: 0px; font-family: inherit; font-style: inherit; font-weight: inherit; margin: 0px; outline: 0px; padding: 0px; vertical-align: baseline; word-wrap: break-word; color: rgb(0, 0, 0);\"><strong style=\"border: 0px; font-family: inherit; font-style: inherit; margin: 0px; outline: 0px; padding: 0px; vertical-align: baseline; word-wrap: break-word;\">Кованые двери</strong>&nbsp;выглядят престижно и элегантно. Лёгкость завитков, сложных узоров и изгибов придают им эксклюзивности, а фасаду вашего дома — уникальный вид. Мы выполняем под заказ кованые двери под любой стиль.</span></p><p style=\"border: 0px; font-family: Ubuntu, sans-serif; font-size: 18px; margin-bottom: 0px; outline: 0px; padding: 0px; vertical-align: baseline; word-wrap: break-word; color: rgb(158, 173, 191);\"><span style=\"border: 0px; font-family: inherit; font-style: inherit; font-weight: inherit; margin: 0px; outline: 0px; padding: 0px; vertical-align: baseline; word-wrap: break-word; color: rgb(0, 0, 0);\">Кованые двери – не только визитная карточка хозяев, но и защита. Придерживаясь этих принципов, мы применяем в производстве прочный металл, технологию газо-электросварки и т.д. Поверхность тщательно шлифуется и полируется, чтобы добиться идеальной гладкости и изящности изделий. Готовые и покрашенные в «Техпромстрой» металлические кованые двери не имеют аналогов по практичности, так как полностью неуязвимы перед осадками и перепадами температур. Чтобы сделать вход неприступным, двери изготавливаются с металлическими наличниками и коробом, которые повышают стойкость к взлому.</span></p>'),
(8,3,2,'КАЛИТКИ','Кованые калитки и двери','Кованые калитки и двери (Эскизы)','<h3 style=\"border: 0px; font-family: Aladin, sans-serif; font-size: 22px; margin: 12px 0px; outline: 0px; padding: 0px; vertical-align: baseline; word-wrap: break-word; color: rgb(35, 35, 35); text-align: center;\"><span style=\"border: 0px; font-family: inherit; font-style: inherit; font-weight: inherit; margin: 0px; outline: 0px; padding: 0px; vertical-align: baseline; word-wrap: break-word; color: rgb(255, 0, 0);\">Эскизы с ценами указаны немного ниже….</span></h3><p style=\"border: 0px; font-family: Ubuntu, sans-serif; font-size: 18px; margin-bottom: 24px; outline: 0px; padding: 0px; vertical-align: baseline; word-wrap: break-word; color: rgb(158, 173, 191);\"><span style=\"border: 0px; font-family: inherit; font-style: inherit; font-weight: inherit; margin: 0px; outline: 0px; padding: 0px; vertical-align: baseline; word-wrap: break-word; color: rgb(0, 0, 0);\"><strong style=\"border: 0px; font-family: inherit; font-style: inherit; margin: 0px; outline: 0px; padding: 0px; vertical-align: baseline; word-wrap: break-word;\">Кованые калитки и двери</strong>&nbsp;благодаря своим замысловатым узорам, и красоте, являются лучшим украшением экстерьера. Если вы хотите кардинально изменить внутренний дворик, внешний вид коттеджа, дачи, загородного дома, начните с заказа эксклюзивной калитки и дверей у нас.</span></p><h3 style=\"border: 0px; font-family: Aladin, sans-serif; font-size: 22px; margin: 12px 0px; outline: 0px; padding: 0px; vertical-align: baseline; word-wrap: break-word; color: rgb(35, 35, 35); text-align: center;\"><span style=\"border: 0px; font-family: inherit; font-style: inherit; font-weight: inherit; margin: 0px; outline: 0px; padding: 0px; vertical-align: baseline; word-wrap: break-word; color: rgb(0, 0, 0);\">Производство кованых калиток</span></h3><p style=\"border: 0px; font-family: Ubuntu, sans-serif; font-size: 18px; margin-bottom: 24px; outline: 0px; padding: 0px; vertical-align: baseline; word-wrap: break-word; color: rgb(158, 173, 191);\"><span style=\"border: 0px; font-family: inherit; font-style: inherit; font-weight: inherit; margin: 0px; outline: 0px; padding: 0px; vertical-align: baseline; word-wrap: break-word; color: rgb(0, 0, 0);\">Двери и калитки изготавливаются в собственном производственном цехе опытными мастерами, поэтому реализовать даже самый сложный дизайн нам под силу. Наличие покрасочной камеры даёт возможность придать готовой калитке или двери законченный вид. Порошковая покраска металлоконструкций делает их стойкими к воздействию внешних факторов. Она предохраняет металл от коррозии, продлевает срок службы металлоконструкции, не нуждается в специальном уходе. Богатая палитра цветов позволяет подобрать тон для калитки, соответствующий дизайнерской концепции.</span></p><p style=\"border: 0px; font-family: Ubuntu, sans-serif; font-size: 18px; margin-bottom: 24px; outline: 0px; padding: 0px; vertical-align: baseline; word-wrap: break-word; color: rgb(158, 173, 191);\"><span style=\"border: 0px; font-family: inherit; font-style: inherit; font-weight: inherit; margin: 0px; outline: 0px; padding: 0px; vertical-align: baseline; word-wrap: break-word; color: rgb(0, 0, 0);\">При производстве кованых калиток наши мастера ставят перед собой следующие цели:</span></p><p style=\"border: 0px; font-family: Ubuntu, sans-serif; font-size: 18px; margin-bottom: 24px; outline: 0px; padding: 0px; vertical-align: baseline; word-wrap: break-word; color: rgb(158, 173, 191);\"><span style=\"border: 0px; font-family: inherit; font-style: inherit; font-weight: inherit; margin: 0px; outline: 0px; padding: 0px; vertical-align: baseline; word-wrap: break-word; color: rgb(0, 0, 0);\">-надёжность и прочность калиток;</span></p><p style=\"border: 0px; font-family: Ubuntu, sans-serif; font-size: 18px; margin-bottom: 24px; outline: 0px; padding: 0px; vertical-align: baseline; word-wrap: break-word; color: rgb(158, 173, 191);\"><span style=\"border: 0px; font-family: inherit; font-style: inherit; font-weight: inherit; margin: 0px; outline: 0px; padding: 0px; vertical-align: baseline; word-wrap: break-word; color: rgb(0, 0, 0);\">-эстетически привлекательный вид;</span></p><p style=\"border: 0px; font-family: Ubuntu, sans-serif; font-size: 18px; margin-bottom: 24px; outline: 0px; padding: 0px; vertical-align: baseline; word-wrap: break-word; color: rgb(158, 173, 191);\"><span style=\"border: 0px; font-family: inherit; font-style: inherit; font-weight: inherit; margin: 0px; outline: 0px; padding: 0px; vertical-align: baseline; word-wrap: break-word; color: rgb(0, 0, 0);\">-простота эксплуатации;</span></p><p style=\"border: 0px; font-family: Ubuntu, sans-serif; font-size: 18px; margin-bottom: 24px; outline: 0px; padding: 0px; vertical-align: baseline; word-wrap: break-word; color: rgb(158, 173, 191);\"><span style=\"border: 0px; font-family: inherit; font-style: inherit; font-weight: inherit; margin: 0px; outline: 0px; padding: 0px; vertical-align: baseline; word-wrap: break-word; color: rgb(0, 0, 0);\">-лёгкий уход.</span></p><p style=\"border: 0px; font-family: Ubuntu, sans-serif; font-size: 18px; margin-bottom: 24px; outline: 0px; padding: 0px; vertical-align: baseline; word-wrap: break-word; color: rgb(158, 173, 191);\"><span style=\"border: 0px; font-family: inherit; font-style: inherit; font-weight: inherit; margin: 0px; outline: 0px; padding: 0px; vertical-align: baseline; word-wrap: break-word; color: rgb(0, 0, 0);\">У нас вы можете купить кованую калитку нужного размера, формы, стиля с листовым заполнением, зашитую поликарбонатом, решётчатую, без заполнения, комбинированную.</span></p><h2 style=\"border: 0px; font-family: Aladin, sans-serif; font-size: 24px; margin: 12px 0px; outline: 0px; padding: 0px; vertical-align: baseline; word-wrap: break-word; line-height: 1; color: rgb(35, 35, 35); text-align: center;\"><span style=\"border: 0px; font-family: inherit; font-style: inherit; font-weight: inherit; margin: 0px; outline: 0px; padding: 0px; vertical-align: baseline; word-wrap: break-word; color: rgb(0, 0, 0);\">Кованые двери</span></h2><p style=\"border: 0px; font-family: Ubuntu, sans-serif; font-size: 18px; margin-bottom: 24px; outline: 0px; padding: 0px; vertical-align: baseline; word-wrap: break-word; color: rgb(158, 173, 191);\"><span style=\"border: 0px; font-family: inherit; font-style: inherit; font-weight: inherit; margin: 0px; outline: 0px; padding: 0px; vertical-align: baseline; word-wrap: break-word; color: rgb(0, 0, 0);\"><strong style=\"border: 0px; font-family: inherit; font-style: inherit; margin: 0px; outline: 0px; padding: 0px; vertical-align: baseline; word-wrap: break-word;\">Кованые двери</strong>&nbsp;выглядят престижно и элегантно. Лёгкость завитков, сложных узоров и изгибов придают им эксклюзивности, а фасаду вашего дома — уникальный вид. Мы выполняем под заказ кованые двери под любой стиль.</span></p><p style=\"border: 0px; font-family: Ubuntu, sans-serif; font-size: 18px; margin-bottom: 0px; outline: 0px; padding: 0px; vertical-align: baseline; word-wrap: break-word; color: rgb(158, 173, 191);\"><span style=\"border: 0px; font-family: inherit; font-style: inherit; font-weight: inherit; margin: 0px; outline: 0px; padding: 0px; vertical-align: baseline; word-wrap: break-word; color: rgb(0, 0, 0);\">Кованые двери – не только визитная карточка хозяев, но и защита. Придерживаясь этих принципов, мы применяем в производстве прочный металл, технологию газо-электросварки и т.д. Поверхность тщательно шлифуется и полируется, чтобы добиться идеальной гладкости и изящности изделий. Готовые и покрашенные в «Техпромстрой» металлические кованые двери не имеют аналогов по практичности, так как полностью неуязвимы перед осадками и перепадами температур. Чтобы сделать вход неприступным, двери изготавливаются с металлическими наличниками и коробом, которые повышают стойкость к взлому.</span></p>'),
(9,3,3,'КАЛИТКИ','Кованые калитки и двери','Кованые калитки и двери (Эскизы)','<h3 style=\"border: 0px; font-family: Aladin, sans-serif; font-size: 22px; margin: 12px 0px; outline: 0px; padding: 0px; vertical-align: baseline; word-wrap: break-word; color: rgb(35, 35, 35); text-align: center;\"><span style=\"border: 0px; font-family: inherit; font-style: inherit; font-weight: inherit; margin: 0px; outline: 0px; padding: 0px; vertical-align: baseline; word-wrap: break-word; color: rgb(255, 0, 0);\">Эскизы с ценами указаны немного ниже….</span></h3><p style=\"border: 0px; font-family: Ubuntu, sans-serif; font-size: 18px; margin-bottom: 24px; outline: 0px; padding: 0px; vertical-align: baseline; word-wrap: break-word; color: rgb(158, 173, 191);\"><span style=\"border: 0px; font-family: inherit; font-style: inherit; font-weight: inherit; margin: 0px; outline: 0px; padding: 0px; vertical-align: baseline; word-wrap: break-word; color: rgb(0, 0, 0);\"><strong style=\"border: 0px; font-family: inherit; font-style: inherit; margin: 0px; outline: 0px; padding: 0px; vertical-align: baseline; word-wrap: break-word;\">Кованые калитки и двери</strong>&nbsp;благодаря своим замысловатым узорам, и красоте, являются лучшим украшением экстерьера. Если вы хотите кардинально изменить внутренний дворик, внешний вид коттеджа, дачи, загородного дома, начните с заказа эксклюзивной калитки и дверей у нас.</span></p><h3 style=\"border: 0px; font-family: Aladin, sans-serif; font-size: 22px; margin: 12px 0px; outline: 0px; padding: 0px; vertical-align: baseline; word-wrap: break-word; color: rgb(35, 35, 35); text-align: center;\"><span style=\"border: 0px; font-family: inherit; font-style: inherit; font-weight: inherit; margin: 0px; outline: 0px; padding: 0px; vertical-align: baseline; word-wrap: break-word; color: rgb(0, 0, 0);\">Производство кованых калиток</span></h3><p style=\"border: 0px; font-family: Ubuntu, sans-serif; font-size: 18px; margin-bottom: 24px; outline: 0px; padding: 0px; vertical-align: baseline; word-wrap: break-word; color: rgb(158, 173, 191);\"><span style=\"border: 0px; font-family: inherit; font-style: inherit; font-weight: inherit; margin: 0px; outline: 0px; padding: 0px; vertical-align: baseline; word-wrap: break-word; color: rgb(0, 0, 0);\">Двери и калитки изготавливаются в собственном производственном цехе опытными мастерами, поэтому реализовать даже самый сложный дизайн нам под силу. Наличие покрасочной камеры даёт возможность придать готовой калитке или двери законченный вид. Порошковая покраска металлоконструкций делает их стойкими к воздействию внешних факторов. Она предохраняет металл от коррозии, продлевает срок службы металлоконструкции, не нуждается в специальном уходе. Богатая палитра цветов позволяет подобрать тон для калитки, соответствующий дизайнерской концепции.</span></p><p style=\"border: 0px; font-family: Ubuntu, sans-serif; font-size: 18px; margin-bottom: 24px; outline: 0px; padding: 0px; vertical-align: baseline; word-wrap: break-word; color: rgb(158, 173, 191);\"><span style=\"border: 0px; font-family: inherit; font-style: inherit; font-weight: inherit; margin: 0px; outline: 0px; padding: 0px; vertical-align: baseline; word-wrap: break-word; color: rgb(0, 0, 0);\">При производстве кованых калиток наши мастера ставят перед собой следующие цели:</span></p><p style=\"border: 0px; font-family: Ubuntu, sans-serif; font-size: 18px; margin-bottom: 24px; outline: 0px; padding: 0px; vertical-align: baseline; word-wrap: break-word; color: rgb(158, 173, 191);\"><span style=\"border: 0px; font-family: inherit; font-style: inherit; font-weight: inherit; margin: 0px; outline: 0px; padding: 0px; vertical-align: baseline; word-wrap: break-word; color: rgb(0, 0, 0);\">-надёжность и прочность калиток;</span></p><p style=\"border: 0px; font-family: Ubuntu, sans-serif; font-size: 18px; margin-bottom: 24px; outline: 0px; padding: 0px; vertical-align: baseline; word-wrap: break-word; color: rgb(158, 173, 191);\"><span style=\"border: 0px; font-family: inherit; font-style: inherit; font-weight: inherit; margin: 0px; outline: 0px; padding: 0px; vertical-align: baseline; word-wrap: break-word; color: rgb(0, 0, 0);\">-эстетически привлекательный вид;</span></p><p style=\"border: 0px; font-family: Ubuntu, sans-serif; font-size: 18px; margin-bottom: 24px; outline: 0px; padding: 0px; vertical-align: baseline; word-wrap: break-word; color: rgb(158, 173, 191);\"><span style=\"border: 0px; font-family: inherit; font-style: inherit; font-weight: inherit; margin: 0px; outline: 0px; padding: 0px; vertical-align: baseline; word-wrap: break-word; color: rgb(0, 0, 0);\">-простота эксплуатации;</span></p><p style=\"border: 0px; font-family: Ubuntu, sans-serif; font-size: 18px; margin-bottom: 24px; outline: 0px; padding: 0px; vertical-align: baseline; word-wrap: break-word; color: rgb(158, 173, 191);\"><span style=\"border: 0px; font-family: inherit; font-style: inherit; font-weight: inherit; margin: 0px; outline: 0px; padding: 0px; vertical-align: baseline; word-wrap: break-word; color: rgb(0, 0, 0);\">-лёгкий уход.</span></p><p style=\"border: 0px; font-family: Ubuntu, sans-serif; font-size: 18px; margin-bottom: 24px; outline: 0px; padding: 0px; vertical-align: baseline; word-wrap: break-word; color: rgb(158, 173, 191);\"><span style=\"border: 0px; font-family: inherit; font-style: inherit; font-weight: inherit; margin: 0px; outline: 0px; padding: 0px; vertical-align: baseline; word-wrap: break-word; color: rgb(0, 0, 0);\">У нас вы можете купить кованую калитку нужного размера, формы, стиля с листовым заполнением, зашитую поликарбонатом, решётчатую, без заполнения, комбинированную.</span></p><h2 style=\"border: 0px; font-family: Aladin, sans-serif; font-size: 24px; margin: 12px 0px; outline: 0px; padding: 0px; vertical-align: baseline; word-wrap: break-word; line-height: 1; color: rgb(35, 35, 35); text-align: center;\"><span style=\"border: 0px; font-family: inherit; font-style: inherit; font-weight: inherit; margin: 0px; outline: 0px; padding: 0px; vertical-align: baseline; word-wrap: break-word; color: rgb(0, 0, 0);\">Кованые двери</span></h2><p style=\"border: 0px; font-family: Ubuntu, sans-serif; font-size: 18px; margin-bottom: 24px; outline: 0px; padding: 0px; vertical-align: baseline; word-wrap: break-word; color: rgb(158, 173, 191);\"><span style=\"border: 0px; font-family: inherit; font-style: inherit; font-weight: inherit; margin: 0px; outline: 0px; padding: 0px; vertical-align: baseline; word-wrap: break-word; color: rgb(0, 0, 0);\"><strong style=\"border: 0px; font-family: inherit; font-style: inherit; margin: 0px; outline: 0px; padding: 0px; vertical-align: baseline; word-wrap: break-word;\">Кованые двери</strong>&nbsp;выглядят престижно и элегантно. Лёгкость завитков, сложных узоров и изгибов придают им эксклюзивности, а фасаду вашего дома — уникальный вид. Мы выполняем под заказ кованые двери под любой стиль.</span></p><p style=\"border: 0px; font-family: Ubuntu, sans-serif; font-size: 18px; margin-bottom: 0px; outline: 0px; padding: 0px; vertical-align: baseline; word-wrap: break-word; color: rgb(158, 173, 191);\"><span style=\"border: 0px; font-family: inherit; font-style: inherit; font-weight: inherit; margin: 0px; outline: 0px; padding: 0px; vertical-align: baseline; word-wrap: break-word; color: rgb(0, 0, 0);\">Кованые двери – не только визитная карточка хозяев, но и защита. Придерживаясь этих принципов, мы применяем в производстве прочный металл, технологию газо-электросварки и т.д. Поверхность тщательно шлифуется и полируется, чтобы добиться идеальной гладкости и изящности изделий. Готовые и покрашенные в «Техпромстрой» металлические кованые двери не имеют аналогов по практичности, так как полностью неуязвимы перед осадками и перепадами температур. Чтобы сделать вход неприступным, двери изготавливаются с металлическими наличниками и коробом, которые повышают стойкость к взлому.</span></p>'),
(10,4,1,'НАВЕСЫ','Кованые навесы и козырьки','Кованые козырьки и навесы (Эскизы)','<p style=\"border: 0px; font-family: Ubuntu, sans-serif; font-size: 18px; margin-bottom: 24px; outline: 0px; padding: 0px; vertical-align: baseline; word-wrap: break-word; color: rgb(158, 173, 191);\"><span style=\"border: 0px; font-family: inherit; font-style: inherit; font-weight: inherit; margin: 0px; outline: 0px; padding: 0px; vertical-align: baseline; word-wrap: break-word; color: rgb(0, 0, 0);\">Основным назначением козырьков, размещенных над входом, является защита крыльца от осадков, солнечных лучей, сосулек и т.д. Они защищают от влаги чувствительные электрические замки, укрывают посетителей от дождя, давая возможность раскрыть зонт или дождаться пока хозяева откроют им дверь. Одновременно они выполняют декоративную функцию и украшают фасады зданий. Наиболее современным решением является применение кованых козырьков, которые значительно добавляют эстетичности экстерьерам домов.</span></p><p style=\"border: 0px; font-family: Ubuntu, sans-serif; font-size: 18px; margin-bottom: 24px; outline: 0px; padding: 0px; vertical-align: baseline; word-wrap: break-word; color: rgb(158, 173, 191);\"><span style=\"border: 0px; font-family: inherit; font-style: inherit; font-weight: inherit; margin: 0px; outline: 0px; padding: 0px; vertical-align: baseline; word-wrap: break-word; color: rgb(0, 0, 0);\">Во многих случаях для оформления крыльца применяют единые архитектурные ансамбли. Тогда кованый козырек объединяется с кованым ограждением, образуя конструкцию, напоминающую веранду. Завершенность, значимость и великолепие композиции придадут кованые фонари. Но применять&nbsp;<strong style=\"border: 0px; font-family: inherit; font-style: inherit; margin: 0px; outline: 0px; padding: 0px; vertical-align: baseline; word-wrap: break-word;\">кованые козырьки</strong>&nbsp;можно не только в составе входных групп, но и в качестве самостоятельного элемента декора. Их удачный выбор придаст зданию индивидуальность и ощущение стиля.</span></p><h3 style=\"border: 0px; font-family: Aladin, sans-serif; font-size: 22px; margin: 12px 0px; outline: 0px; padding: 0px; vertical-align: baseline; word-wrap: break-word; color: rgb(35, 35, 35); text-align: center;\"><span style=\"border: 0px; font-family: inherit; font-style: inherit; font-weight: inherit; margin: 0px; outline: 0px; padding: 0px; vertical-align: baseline; word-wrap: break-word; color: rgb(0, 0, 0);\">Разновидности кованых козырьков и навесов</span></h3><p style=\"border: 0px; font-family: Ubuntu, sans-serif; font-size: 18px; margin-bottom: 24px; outline: 0px; padding: 0px; vertical-align: baseline; word-wrap: break-word; color: rgb(158, 173, 191);\"><span style=\"border: 0px; font-family: inherit; font-style: inherit; font-weight: inherit; margin: 0px; outline: 0px; padding: 0px; vertical-align: baseline; word-wrap: break-word; color: rgb(0, 0, 0);\">Наибольшей популярностью пользуются квадратные, арочные, треугольные козырьки, а также изделия имеющие вид полуовалов и полусфер. Как правило,&nbsp;<strong style=\"border: 0px; font-family: inherit; font-style: inherit; margin: 0px; outline: 0px; padding: 0px; vertical-align: baseline; word-wrap: break-word;\">кованые навесы</strong>&nbsp;в подъездах многоквартирных жилых домов выполняют в классическом стиле в комбинации с другими материалами — оргстеклом, полиэстером, листовым металлом. Для частных домов и развлекательных учреждений такие изделия изготавливают с большим количеством декоративных элементов. Ведь художественная ковка никогда не постоит за украшениями. В таких случаях изделиям придают форму зонтика, гриба, крыльев бабочки и они становятся настоящей достопримечательностью целой улицы.</span></p><p style=\"border: 0px; font-family: Ubuntu, sans-serif; font-size: 18px; margin-bottom: 24px; outline: 0px; padding: 0px; vertical-align: baseline; word-wrap: break-word; color: rgb(158, 173, 191);\"><span style=\"border: 0px; font-family: inherit; font-style: inherit; font-weight: inherit; margin: 0px; outline: 0px; padding: 0px; vertical-align: baseline; word-wrap: break-word; color: rgb(0, 0, 0);\">К сожалению одной красоты малых архитектурных форм не всегда достаточно, конструкция козырька должна быть разработана с учетом безопасности людей и удобства эксплуатации. Изготовлению любой его модели должен предшествовать грамотный расчет.</span></p><h2 style=\"border: 0px; font-family: Aladin, sans-serif; font-size: 24px; margin: 12px 0px; outline: 0px; padding: 0px; vertical-align: baseline; word-wrap: break-word; line-height: 1; color: rgb(35, 35, 35); text-align: center;\"><span style=\"border: 0px; font-family: inherit; font-style: inherit; font-weight: inherit; margin: 0px; outline: 0px; padding: 0px; vertical-align: baseline; word-wrap: break-word; color: rgb(0, 0, 0);\">Кованые козырьки</span></h2><p style=\"border: 0px; font-family: Ubuntu, sans-serif; font-size: 18px; margin-bottom: 24px; outline: 0px; padding: 0px; vertical-align: baseline; word-wrap: break-word; color: rgb(158, 173, 191);\"><span style=\"border: 0px; font-family: inherit; font-style: inherit; font-weight: inherit; margin: 0px; outline: 0px; padding: 0px; vertical-align: baseline; word-wrap: break-word; color: rgb(0, 0, 0);\"><strong style=\"border: 0px; font-family: inherit; font-style: inherit; margin: 0px; outline: 0px; padding: 0px; vertical-align: baseline; word-wrap: break-word;\">Кованые козырьки</strong>, предлагаемые на заказ «Техпромстрой», обеспечат эстетику вашего дома в сочетании с надежной защитой. Это не просто деталь декора, но и гарантия безопасности, проживающих здесь.</span></p><p style=\"border: 0px; font-family: Ubuntu, sans-serif; font-size: 18px; margin-bottom: 0px; outline: 0px; padding: 0px; vertical-align: baseline; word-wrap: break-word; color: rgb(158, 173, 191);\"><span style=\"border: 0px; font-family: inherit; font-style: inherit; font-weight: inherit; margin: 0px; outline: 0px; padding: 0px; vertical-align: baseline; word-wrap: break-word; color: rgb(0, 0, 0);\">Изготовление кованых козырьков является одним из направлений нашей деятельности. Наши мастера имеют многолетний опыт работы и готовы в кратчайшие сроки воплотить в реальность самые неординарные замыслы заказчика.</span></p>'),
(11,4,2,'НАВЕСЫ','Кованые навесы и козырьки','Кованые козырьки и навесы (Эскизы)','<p style=\"border: 0px; font-family: Ubuntu, sans-serif; font-size: 18px; margin-bottom: 24px; outline: 0px; padding: 0px; vertical-align: baseline; word-wrap: break-word; color: rgb(158, 173, 191);\"><span style=\"border: 0px; font-family: inherit; font-style: inherit; font-weight: inherit; margin: 0px; outline: 0px; padding: 0px; vertical-align: baseline; word-wrap: break-word; color: rgb(0, 0, 0);\">Основным назначением козырьков, размещенных над входом, является защита крыльца от осадков, солнечных лучей, сосулек и т.д. Они защищают от влаги чувствительные электрические замки, укрывают посетителей от дождя, давая возможность раскрыть зонт или дождаться пока хозяева откроют им дверь. Одновременно они выполняют декоративную функцию и украшают фасады зданий. Наиболее современным решением является применение кованых козырьков, которые значительно добавляют эстетичности экстерьерам домов.</span></p><p style=\"border: 0px; font-family: Ubuntu, sans-serif; font-size: 18px; margin-bottom: 24px; outline: 0px; padding: 0px; vertical-align: baseline; word-wrap: break-word; color: rgb(158, 173, 191);\"><span style=\"border: 0px; font-family: inherit; font-style: inherit; font-weight: inherit; margin: 0px; outline: 0px; padding: 0px; vertical-align: baseline; word-wrap: break-word; color: rgb(0, 0, 0);\">Во многих случаях для оформления крыльца применяют единые архитектурные ансамбли. Тогда кованый козырек объединяется с кованым ограждением, образуя конструкцию, напоминающую веранду. Завершенность, значимость и великолепие композиции придадут кованые фонари. Но применять&nbsp;<strong style=\"border: 0px; font-family: inherit; font-style: inherit; margin: 0px; outline: 0px; padding: 0px; vertical-align: baseline; word-wrap: break-word;\">кованые козырьки</strong>&nbsp;можно не только в составе входных групп, но и в качестве самостоятельного элемента декора. Их удачный выбор придаст зданию индивидуальность и ощущение стиля.</span></p><h3 style=\"border: 0px; font-family: Aladin, sans-serif; font-size: 22px; margin: 12px 0px; outline: 0px; padding: 0px; vertical-align: baseline; word-wrap: break-word; color: rgb(35, 35, 35); text-align: center;\"><span style=\"border: 0px; font-family: inherit; font-style: inherit; font-weight: inherit; margin: 0px; outline: 0px; padding: 0px; vertical-align: baseline; word-wrap: break-word; color: rgb(0, 0, 0);\">Разновидности кованых козырьков и навесов</span></h3><p style=\"border: 0px; font-family: Ubuntu, sans-serif; font-size: 18px; margin-bottom: 24px; outline: 0px; padding: 0px; vertical-align: baseline; word-wrap: break-word; color: rgb(158, 173, 191);\"><span style=\"border: 0px; font-family: inherit; font-style: inherit; font-weight: inherit; margin: 0px; outline: 0px; padding: 0px; vertical-align: baseline; word-wrap: break-word; color: rgb(0, 0, 0);\">Наибольшей популярностью пользуются квадратные, арочные, треугольные козырьки, а также изделия имеющие вид полуовалов и полусфер. Как правило,&nbsp;<strong style=\"border: 0px; font-family: inherit; font-style: inherit; margin: 0px; outline: 0px; padding: 0px; vertical-align: baseline; word-wrap: break-word;\">кованые навесы</strong>&nbsp;в подъездах многоквартирных жилых домов выполняют в классическом стиле в комбинации с другими материалами — оргстеклом, полиэстером, листовым металлом. Для частных домов и развлекательных учреждений такие изделия изготавливают с большим количеством декоративных элементов. Ведь художественная ковка никогда не постоит за украшениями. В таких случаях изделиям придают форму зонтика, гриба, крыльев бабочки и они становятся настоящей достопримечательностью целой улицы.</span></p><p style=\"border: 0px; font-family: Ubuntu, sans-serif; font-size: 18px; margin-bottom: 24px; outline: 0px; padding: 0px; vertical-align: baseline; word-wrap: break-word; color: rgb(158, 173, 191);\"><span style=\"border: 0px; font-family: inherit; font-style: inherit; font-weight: inherit; margin: 0px; outline: 0px; padding: 0px; vertical-align: baseline; word-wrap: break-word; color: rgb(0, 0, 0);\">К сожалению одной красоты малых архитектурных форм не всегда достаточно, конструкция козырька должна быть разработана с учетом безопасности людей и удобства эксплуатации. Изготовлению любой его модели должен предшествовать грамотный расчет.</span></p><h2 style=\"border: 0px; font-family: Aladin, sans-serif; font-size: 24px; margin: 12px 0px; outline: 0px; padding: 0px; vertical-align: baseline; word-wrap: break-word; line-height: 1; color: rgb(35, 35, 35); text-align: center;\"><span style=\"border: 0px; font-family: inherit; font-style: inherit; font-weight: inherit; margin: 0px; outline: 0px; padding: 0px; vertical-align: baseline; word-wrap: break-word; color: rgb(0, 0, 0);\">Кованые козырьки</span></h2><p style=\"border: 0px; font-family: Ubuntu, sans-serif; font-size: 18px; margin-bottom: 24px; outline: 0px; padding: 0px; vertical-align: baseline; word-wrap: break-word; color: rgb(158, 173, 191);\"><span style=\"border: 0px; font-family: inherit; font-style: inherit; font-weight: inherit; margin: 0px; outline: 0px; padding: 0px; vertical-align: baseline; word-wrap: break-word; color: rgb(0, 0, 0);\"><strong style=\"border: 0px; font-family: inherit; font-style: inherit; margin: 0px; outline: 0px; padding: 0px; vertical-align: baseline; word-wrap: break-word;\">Кованые козырьки</strong>, предлагаемые на заказ «Техпромстрой», обеспечат эстетику вашего дома в сочетании с надежной защитой. Это не просто деталь декора, но и гарантия безопасности, проживающих здесь.</span></p><p style=\"border: 0px; font-family: Ubuntu, sans-serif; font-size: 18px; margin-bottom: 0px; outline: 0px; padding: 0px; vertical-align: baseline; word-wrap: break-word; color: rgb(158, 173, 191);\"><span style=\"border: 0px; font-family: inherit; font-style: inherit; font-weight: inherit; margin: 0px; outline: 0px; padding: 0px; vertical-align: baseline; word-wrap: break-word; color: rgb(0, 0, 0);\">Изготовление кованых козырьков является одним из направлений нашей деятельности. Наши мастера имеют многолетний опыт работы и готовы в кратчайшие сроки воплотить в реальность самые неординарные замыслы заказчика.</span></p>'),
(12,4,3,'НАВЕСЫ','Кованые навесы и козырьки','Кованые козырьки и навесы (Эскизы)','<p style=\"border: 0px; font-family: Ubuntu, sans-serif; font-size: 18px; margin-bottom: 24px; outline: 0px; padding: 0px; vertical-align: baseline; word-wrap: break-word; color: rgb(158, 173, 191);\"><span style=\"border: 0px; font-family: inherit; font-style: inherit; font-weight: inherit; margin: 0px; outline: 0px; padding: 0px; vertical-align: baseline; word-wrap: break-word; color: rgb(0, 0, 0);\">Основным назначением козырьков, размещенных над входом, является защита крыльца от осадков, солнечных лучей, сосулек и т.д. Они защищают от влаги чувствительные электрические замки, укрывают посетителей от дождя, давая возможность раскрыть зонт или дождаться пока хозяева откроют им дверь. Одновременно они выполняют декоративную функцию и украшают фасады зданий. Наиболее современным решением является применение кованых козырьков, которые значительно добавляют эстетичности экстерьерам домов.</span></p><p style=\"border: 0px; font-family: Ubuntu, sans-serif; font-size: 18px; margin-bottom: 24px; outline: 0px; padding: 0px; vertical-align: baseline; word-wrap: break-word; color: rgb(158, 173, 191);\"><span style=\"border: 0px; font-family: inherit; font-style: inherit; font-weight: inherit; margin: 0px; outline: 0px; padding: 0px; vertical-align: baseline; word-wrap: break-word; color: rgb(0, 0, 0);\">Во многих случаях для оформления крыльца применяют единые архитектурные ансамбли. Тогда кованый козырек объединяется с кованым ограждением, образуя конструкцию, напоминающую веранду. Завершенность, значимость и великолепие композиции придадут кованые фонари. Но применять&nbsp;<strong style=\"border: 0px; font-family: inherit; font-style: inherit; margin: 0px; outline: 0px; padding: 0px; vertical-align: baseline; word-wrap: break-word;\">кованые козырьки</strong>&nbsp;можно не только в составе входных групп, но и в качестве самостоятельного элемента декора. Их удачный выбор придаст зданию индивидуальность и ощущение стиля.</span></p><h3 style=\"border: 0px; font-family: Aladin, sans-serif; font-size: 22px; margin: 12px 0px; outline: 0px; padding: 0px; vertical-align: baseline; word-wrap: break-word; color: rgb(35, 35, 35); text-align: center;\"><span style=\"border: 0px; font-family: inherit; font-style: inherit; font-weight: inherit; margin: 0px; outline: 0px; padding: 0px; vertical-align: baseline; word-wrap: break-word; color: rgb(0, 0, 0);\">Разновидности кованых козырьков и навесов</span></h3><p style=\"border: 0px; font-family: Ubuntu, sans-serif; font-size: 18px; margin-bottom: 24px; outline: 0px; padding: 0px; vertical-align: baseline; word-wrap: break-word; color: rgb(158, 173, 191);\"><span style=\"border: 0px; font-family: inherit; font-style: inherit; font-weight: inherit; margin: 0px; outline: 0px; padding: 0px; vertical-align: baseline; word-wrap: break-word; color: rgb(0, 0, 0);\">Наибольшей популярностью пользуются квадратные, арочные, треугольные козырьки, а также изделия имеющие вид полуовалов и полусфер. Как правило,&nbsp;<strong style=\"border: 0px; font-family: inherit; font-style: inherit; margin: 0px; outline: 0px; padding: 0px; vertical-align: baseline; word-wrap: break-word;\">кованые навесы</strong>&nbsp;в подъездах многоквартирных жилых домов выполняют в классическом стиле в комбинации с другими материалами — оргстеклом, полиэстером, листовым металлом. Для частных домов и развлекательных учреждений такие изделия изготавливают с большим количеством декоративных элементов. Ведь художественная ковка никогда не постоит за украшениями. В таких случаях изделиям придают форму зонтика, гриба, крыльев бабочки и они становятся настоящей достопримечательностью целой улицы.</span></p><p style=\"border: 0px; font-family: Ubuntu, sans-serif; font-size: 18px; margin-bottom: 24px; outline: 0px; padding: 0px; vertical-align: baseline; word-wrap: break-word; color: rgb(158, 173, 191);\"><span style=\"border: 0px; font-family: inherit; font-style: inherit; font-weight: inherit; margin: 0px; outline: 0px; padding: 0px; vertical-align: baseline; word-wrap: break-word; color: rgb(0, 0, 0);\">К сожалению одной красоты малых архитектурных форм не всегда достаточно, конструкция козырька должна быть разработана с учетом безопасности людей и удобства эксплуатации. Изготовлению любой его модели должен предшествовать грамотный расчет.</span></p><h2 style=\"border: 0px; font-family: Aladin, sans-serif; font-size: 24px; margin: 12px 0px; outline: 0px; padding: 0px; vertical-align: baseline; word-wrap: break-word; line-height: 1; color: rgb(35, 35, 35); text-align: center;\"><span style=\"border: 0px; font-family: inherit; font-style: inherit; font-weight: inherit; margin: 0px; outline: 0px; padding: 0px; vertical-align: baseline; word-wrap: break-word; color: rgb(0, 0, 0);\">Кованые козырьки</span></h2><p style=\"border: 0px; font-family: Ubuntu, sans-serif; font-size: 18px; margin-bottom: 24px; outline: 0px; padding: 0px; vertical-align: baseline; word-wrap: break-word; color: rgb(158, 173, 191);\"><span style=\"border: 0px; font-family: inherit; font-style: inherit; font-weight: inherit; margin: 0px; outline: 0px; padding: 0px; vertical-align: baseline; word-wrap: break-word; color: rgb(0, 0, 0);\"><strong style=\"border: 0px; font-family: inherit; font-style: inherit; margin: 0px; outline: 0px; padding: 0px; vertical-align: baseline; word-wrap: break-word;\">Кованые козырьки</strong>, предлагаемые на заказ «Техпромстрой», обеспечат эстетику вашего дома в сочетании с надежной защитой. Это не просто деталь декора, но и гарантия безопасности, проживающих здесь.</span></p><p style=\"border: 0px; font-family: Ubuntu, sans-serif; font-size: 18px; margin-bottom: 0px; outline: 0px; padding: 0px; vertical-align: baseline; word-wrap: break-word; color: rgb(158, 173, 191);\"><span style=\"border: 0px; font-family: inherit; font-style: inherit; font-weight: inherit; margin: 0px; outline: 0px; padding: 0px; vertical-align: baseline; word-wrap: break-word; color: rgb(0, 0, 0);\">Изготовление кованых козырьков является одним из направлений нашей деятельности. Наши мастера имеют многолетний опыт работы и готовы в кратчайшие сроки воплотить в реальность самые неординарные замыслы заказчика.</span></p>');

/*Data for the table `sketch_product` */

insert  into `sketch_product`(`id`,`sketch_id`,`price`,`image_id`,`status`,`order`) values 
(1,2,NULL,28,1,0),
(2,2,NULL,29,1,0),
(3,2,NULL,30,1,0),
(4,2,NULL,31,1,0),
(5,2,NULL,32,1,0),
(6,2,NULL,33,1,0),
(7,2,NULL,34,1,0),
(8,2,NULL,35,1,0),
(9,2,NULL,36,1,0),
(10,2,NULL,37,1,0),
(11,2,NULL,38,1,0),
(12,2,NULL,39,1,0),
(13,2,NULL,40,1,0),
(14,2,NULL,41,1,0),
(15,2,NULL,42,1,0),
(16,2,NULL,43,1,0),
(17,2,NULL,44,1,0),
(18,2,NULL,45,1,0),
(19,2,NULL,46,1,0),
(20,2,NULL,47,1,0),
(21,2,NULL,48,1,0),
(22,2,NULL,49,1,0),
(23,2,NULL,50,1,0),
(24,2,NULL,51,1,0),
(25,2,NULL,52,1,0),
(26,2,NULL,53,1,0),
(27,2,NULL,54,1,0),
(28,2,NULL,55,1,0),
(29,2,NULL,56,1,0),
(30,2,NULL,57,1,0),
(31,2,NULL,58,1,0),
(32,2,NULL,59,1,0),
(33,2,NULL,60,1,0),
(34,2,NULL,61,1,0),
(35,2,NULL,62,1,0),
(36,2,NULL,63,1,0),
(37,2,NULL,64,1,0),
(38,2,NULL,65,1,0),
(39,2,NULL,66,1,0),
(40,2,NULL,67,1,0),
(41,2,NULL,68,1,0),
(42,2,NULL,69,1,0),
(43,2,NULL,70,1,0),
(44,2,NULL,71,1,0),
(45,2,NULL,72,1,0),
(46,2,NULL,73,1,0),
(47,2,NULL,74,1,0),
(48,2,NULL,75,1,0),
(49,2,NULL,76,1,0),
(50,2,NULL,77,1,0),
(51,2,NULL,78,1,0),
(52,2,NULL,79,1,0),
(53,2,NULL,80,1,0),
(54,2,NULL,81,1,0),
(55,2,NULL,82,1,0),
(56,2,NULL,83,1,0),
(57,2,NULL,84,1,0),
(58,2,NULL,85,1,0),
(59,2,NULL,86,1,0),
(60,2,NULL,87,1,0),
(61,2,NULL,88,1,0),
(62,2,NULL,89,1,0),
(63,2,NULL,90,1,0),
(64,1,NULL,91,1,0),
(65,1,NULL,92,1,0),
(66,1,NULL,93,1,0),
(67,1,NULL,94,1,0),
(68,1,NULL,95,1,0),
(69,1,NULL,96,1,0),
(70,1,NULL,97,1,0),
(71,1,NULL,98,1,0),
(72,1,NULL,99,1,0),
(73,1,NULL,100,1,0),
(74,1,NULL,101,1,0),
(75,1,NULL,102,1,0),
(76,1,NULL,103,1,0),
(77,1,NULL,104,1,0),
(78,1,NULL,105,1,0),
(79,1,NULL,106,1,0),
(80,1,NULL,107,1,0),
(81,1,NULL,108,1,0),
(82,1,NULL,109,1,0),
(83,1,NULL,110,1,0),
(84,1,NULL,111,1,0),
(85,1,NULL,112,1,0),
(86,1,NULL,113,1,0),
(87,1,NULL,114,1,0),
(88,1,NULL,115,1,0),
(89,1,NULL,116,1,0),
(90,1,NULL,117,1,0),
(91,1,NULL,118,1,0),
(92,1,NULL,119,1,0),
(93,1,NULL,120,1,0),
(94,1,NULL,121,1,0),
(95,1,NULL,122,1,0),
(96,1,NULL,123,1,0),
(97,1,NULL,124,1,0),
(98,1,NULL,125,1,0),
(99,1,NULL,126,1,0),
(100,1,NULL,127,1,0),
(101,1,NULL,128,1,0),
(102,1,NULL,129,1,0),
(103,1,NULL,130,1,0),
(104,1,NULL,131,1,0),
(105,1,NULL,132,1,0),
(106,3,NULL,133,1,0),
(107,3,NULL,134,1,0),
(108,3,NULL,135,1,0),
(109,3,NULL,136,1,0),
(110,3,NULL,137,1,0),
(111,3,NULL,138,1,0),
(112,3,NULL,139,1,0),
(113,3,NULL,140,1,0),
(114,3,NULL,141,1,0),
(115,3,NULL,142,1,0),
(116,3,NULL,143,1,0),
(117,3,NULL,144,1,0),
(118,3,NULL,145,1,0),
(119,3,NULL,146,1,0),
(120,3,NULL,147,1,0),
(121,3,NULL,148,1,0),
(122,3,NULL,149,1,0),
(123,3,NULL,150,1,0),
(124,3,NULL,151,1,0),
(125,3,NULL,152,1,0),
(126,3,NULL,153,1,0),
(127,3,NULL,154,1,0),
(128,3,NULL,155,1,0),
(129,3,NULL,156,1,0),
(130,4,NULL,162,1,0),
(131,4,NULL,163,1,0),
(132,4,NULL,164,1,0),
(133,4,NULL,165,1,0),
(134,4,NULL,166,1,0),
(135,4,NULL,167,1,0),
(136,4,NULL,168,1,0),
(137,4,NULL,169,1,0),
(138,4,NULL,170,1,0),
(139,4,NULL,171,1,0),
(140,4,NULL,172,1,0),
(141,4,NULL,173,1,0),
(142,4,NULL,174,1,0),
(143,4,NULL,175,1,0),
(144,4,NULL,176,1,0),
(145,4,NULL,177,1,0),
(146,4,NULL,178,1,0),
(147,4,NULL,179,1,0),
(148,4,NULL,180,1,0),
(149,4,NULL,181,1,0);

/*Data for the table `status_lcp` */

insert  into `status_lcp`(`key`,`status`) values 
(1,'active'),
(2,'deleted');

/*Data for the table `work_scheme_info` */

/*!40101 SET SQL_MODE=@OLD_SQL_MODE */;
/*!40014 SET FOREIGN_KEY_CHECKS=@OLD_FOREIGN_KEY_CHECKS */;
/*!40014 SET UNIQUE_CHECKS=@OLD_UNIQUE_CHECKS */;
/*!40111 SET SQL_NOTES=@OLD_SQL_NOTES */;
